fecha,precio_eth,volumen_eth,eth_ballena_total,txs_ballena,bdi
2022-01-01,3765.54,154143.8968,0.0,0.0,
2022-01-02,3828.27,154791.4263,0.0,0.0,
2022-01-03,3765.89,236245.8586,0.0,0.0,
2022-01-04,3785.11,288258.5549,0.0,0.0,2285.0
2022-01-05,3540.63,397942.0363,0.0,0.0,2289.0
2022-01-06,3406.81,496745.7413,0.0,0.0,2296.0
2022-01-07,3199.24,669631.7262,0.0,0.0,2289.0
2022-01-08,3080.95,400692.1061,0.0,0.0,2289.0
2022-01-09,3151.97,275874.1643,0.0,0.0,2289.0
2022-01-10,3082.68,529818.3866,0.0,0.0,2277.0
2022-01-11,3239.72,362446.7087,0.0,0.0,2151.0
2022-01-12,3371.26,370465.8015,0.0,0.0,2027.0
2022-01-13,3240.61,336234.8799,0.0,0.0,1873.0
2022-01-14,3307.42,285326.3505,0.0,0.0,1764.0
2022-01-15,3326.04,203100.3778,0.0,0.0,1764.0
2022-01-16,3346.88,210782.2277,0.0,0.0,1764.0
2022-01-17,3209.67,284063.6548,0.0,0.0,1731.0
2022-01-18,3159.85,299134.2728,0.0,0.0,1644.0
2022-01-19,3084.02,332996.5703,0.0,0.0,1570.0
2022-01-20,3001.48,357596.7062,0.0,0.0,1474.0
2022-01-21,2568.15,1022021.70024,0.0,0.0,1415.0
2022-01-22,2412.18,1081357.54893,0.0,0.0,1415.0
2022-01-23,2539.01,580497.7613,0.0,0.0,1415.0
2022-01-24,2439.29,1123134.70389,0.0,0.0,1391.0
2022-01-25,2458.83,510152.954,0.0,0.0,1343.0
2022-01-26,2462.99,806441.62289,0.0,0.0,1296.0
2022-01-27,2424.25,599481.7159,0.0,0.0,1302.0
2022-01-28,2544.99,485149.8065,0.0,0.0,1381.0
2022-01-29,2601.43,376666.8246,0.0,0.0,1381.0
2022-01-30,2601.68,290770.0859,0.0,0.0,1381.0
2022-01-31,2686.94,444584.851,0.0,0.0,1418.0
2022-02-01,2787.23,390034.27362,0.0,0.0,1440.0
2022-02-02,2680.67,447852.1228,0.0,0.0,1419.0
2022-02-03,2695.46,405043.3931,0.0,0.0,1425.0
2022-02-04,2994.99,664002.9328,0.0,0.0,1423.0
2022-02-05,3012.65,356803.3071,0.0,0.0,1423.0
2022-02-06,3054.99,249394.5966,0.0,0.0,1423.0
2022-02-07,3139.77,455070.2529,0.0,0.0,1422.0
2022-02-08,3116.69,514773.5837,0.0,0.0,1503.0
2022-02-09,3243.94,370267.8913,0.0,0.0,1711.0
2022-02-10,3072.49,578212.8383,0.0,0.0,1940.0
2022-02-11,2927.54,462025.8751,0.0,0.0,1977.0
2022-02-12,2918.88,336250.3131,0.0,0.0,1977.0
2022-02-13,2871.13,242751.3547,0.0,0.0,1977.0
2022-02-14,2929.75,381778.238,0.0,0.0,1984.0
2022-02-15,3183.52,448971.754,0.0,0.0,1968.0
2022-02-16,3122.3,319997.6244,0.0,0.0,1896.0
2022-02-17,2891.87,488693.2624,0.0,0.0,1886.0
2022-02-18,2779.48,502977.4069,0.0,0.0,1964.0
2022-02-19,2763.63,293838.0025,0.0,0.0,1964.0
2022-02-20,2621.99,386384.904,0.0,0.0,1964.0
2022-02-21,2568.02,761838.9858,0.0,0.0,2045.0
2022-02-22,2636.29,692639.4942,0.0,0.0,2148.0
2022-02-23,2579.71,504470.1412,0.0,0.0,2244.0
2022-02-24,2596.2,1395732.7753,0.0,0.0,2187.0
2022-02-25,2768.49,679394.1762,0.0,0.0,2076.0
2022-02-26,2779.47,418485.2529,0.0,0.0,2076.0
2022-02-27,2616.79,650198.7785,0.0,0.0,2076.0
2022-02-28,2920.95,733794.4488,0.0,0.0,2040.0
2022-03-01,2976.33,673901.6976,0.0,0.0,2069.0
2022-03-02,2947.3,614623.7461,0.0,0.0,2137.0
2022-03-03,2833.99,446192.2353,0.0,0.0,2104.0
2022-03-04,2622.1,556178.7588,0.0,0.0,2148.0
2022-03-05,2665.15,268730.3036,0.0,0.0,2148.0
2022-03-06,2551.29,336487.9099,0.0,0.0,2148.0
2022-03-07,2491.12,620171.6787,0.0,0.0,2235.0
2022-03-08,2575.97,561659.7421,0.0,0.0,2352.0
2022-03-09,2726.98,562771.7403,0.0,0.0,2558.0
2022-03-10,2606.7,559029.9377,0.0,0.0,2704.0
2022-03-11,2556.86,494583.6568,0.0,0.0,2718.0
2022-03-12,2568.8,219236.5711,0.0,0.0,2718.0
2022-03-13,2515.65,316942.1601,0.0,0.0,2718.0
2022-03-14,2589.41,386630.1912,0.0,0.0,2727.0
2022-03-15,2617.73,461202.3014,0.0,0.0,2689.0
2022-03-16,2773.81,666224.7217,0.0,0.0,2591.0
2022-03-17,2811.92,379312.541,0.0,0.0,2588.0
2022-03-18,2938.92,556535.7966,0.0,0.0,2605.0
2022-03-19,2950.84,325971.5398,0.0,0.0,2605.0
2022-03-20,2861.38,377608.8214,0.0,0.0,2605.0
2022-03-21,2890.03,450223.9073,0.0,0.0,2589.0
2022-03-22,2969.64,564868.9839,0.0,0.0,2546.0
2022-03-23,3036.0,453962.7298,0.0,0.0,2575.0
2022-03-24,3110.76,577171.5239,0.0,0.0,2567.0
2022-03-25,3102.14,489099.5572,0.0,0.0,2544.0
2022-03-26,3145.0,207134.847,0.0,0.0,2544.0
2022-03-27,3295.65,335467.4145,0.0,0.0,2544.0
2022-03-28,3332.92,527237.1133,0.0,0.0,2484.0
2022-03-29,3400.51,465899.8226,0.0,0.0,2417.0
2022-03-30,3385.79,356082.5231,0.0,0.0,2369.0
2022-03-31,3281.51,455091.2395,0.0,0.0,2358.0
2022-04-01,3455.21,532169.2392,0.0,0.0,2357.0
2022-04-02,3443.77,499893.29,0.0,0.0,2357.0
2022-04-03,3521.91,381581.7683,0.0,0.0,2357.0
2022-04-04,3519.5,449984.1586,0.0,0.0,2307.0
2022-04-05,3406.99,397782.7437,0.0,0.0,2213.0
2022-04-06,3168.51,736273.1047,0.0,0.0,2128.0
2022-04-07,3227.19,458179.3272,0.0,0.0,2061.0
2022-04-08,3192.39,502422.5048,0.0,0.0,2055.0
2022-04-09,3258.57,212444.2566,0.0,0.0,2055.0
2022-04-10,3203.04,232303.2326,0.0,0.0,2055.0
2022-04-11,2979.74,693394.2912,0.0,0.0,2031.0
2022-04-12,3027.66,579522.9505,0.0,0.0,2035.0
2022-04-13,3118.28,419101.494,0.0,0.0,2068.0
2022-04-14,3021.98,408382.5572,0.0,0.0,2137.0
2022-04-15,3040.56,249626.2981,0.0,0.0,2137.0
2022-04-16,3059.3,176352.4165,0.0,0.0,2137.0
2022-04-17,2988.06,243772.074,0.0,0.0,2137.0
2022-04-18,3055.56,510251.6536,0.0,0.0,2137.0
2022-04-19,3101.77,359375.0038,0.0,0.0,2115.0
2022-04-20,3076.04,415000.0685,0.0,0.0,2142.0
2022-04-21,2983.58,562699.697,0.0,0.0,2239.0
2022-04-22,2962.39,452433.082,0.0,0.0,2307.0
2022-04-23,2933.03,187576.7324,0.0,0.0,2307.0
2022-04-24,2921.0,218957.0222,0.0,0.0,2307.0
2022-04-25,3006.62,619198.3616,0.0,0.0,2356.0
2022-04-26,2809.67,531184.3504,0.0,0.0,2404.0
2022-04-27,2888.96,488951.2416,0.0,0.0,2425.0
2022-04-28,2936.93,537392.9978,0.0,0.0,2403.0
2022-04-29,2817.13,525978.147,0.0,0.0,2404.0
2022-04-30,2726.66,367757.2469,0.0,0.0,2404.0
2022-05-01,2824.81,442544.8792,0.0,0.0,2404.0
2022-05-02,2856.54,521706.8567,0.0,0.0,2404.0
2022-05-03,2781.7,371331.1796,0.0,0.0,2412.0
2022-05-04,2940.64,548738.0668,0.0,0.0,2485.0
2022-05-05,2747.97,734845.3194,0.0,0.0,2644.0
2022-05-06,2692.85,711449.3234,0.0,0.0,2718.0
2022-05-07,2635.34,371271.4532,0.0,0.0,2718.0
2022-05-08,2519.71,757615.3415,0.0,0.0,2718.0
2022-05-09,2228.55,1574924.9793,0.0,0.0,2831.0
2022-05-10,2342.05,1550626.1387,0.0,0.0,2939.0
2022-05-11,2084.99,2022864.83806,0.0,0.0,3052.0
2022-05-12,1960.22,2305192.90836,0.0,0.0,3117.0
2022-05-13,2009.69,1134042.3387,0.0,0.0,3104.0
2022-05-14,2056.48,563788.3078,0.0,0.0,3104.0
2022-05-15,2145.29,514398.2587,0.0,0.0,3104.0
2022-05-16,2023.66,822070.8531,0.0,0.0,3085.0
2022-05-17,2090.72,568249.0448,0.0,0.0,3095.0
2022-05-18,1915.11,631577.2341,0.0,0.0,3189.0
2022-05-19,2019.55,741476.9794,0.0,0.0,3289.0
2022-05-20,1959.08,576981.5371,0.0,0.0,3344.0
2022-05-21,1975.07,238869.7632,0.0,0.0,3344.0
2022-05-22,2043.19,355735.1927,0.0,0.0,3344.0
2022-05-23,1973.32,636085.0224,0.0,0.0,3369.0
2022-05-24,1979.41,534096.972,0.0,0.0,3253.0
2022-05-25,1942.63,524786.3091,0.0,0.0,3127.0
2022-05-26,1792.23,1168740.57514,0.0,0.0,2933.0
2022-05-27,1727.27,1296693.28537,0.0,0.0,2681.0
2022-05-28,1792.22,558271.1818,0.0,0.0,2681.0
2022-05-29,1813.64,432430.611,0.0,0.0,2681.0
2022-05-30,1998.78,814922.8359,0.0,0.0,2571.0
2022-05-31,1941.9,751103.4226,0.0,0.0,2566.0
2022-06-01,1817.95,1037841.2706,0.0,0.0,2633.0
2022-06-02,1834.08,788784.4017,0.0,0.0,2633.0
2022-06-03,1775.12,741282.5346,0.0,0.0,2633.0
2022-06-04,1804.58,388279.4579,0.0,0.0,2633.0
2022-06-05,1806.23,371974.5061,0.0,0.0,2633.0
2022-06-06,1859.84,804250.3567,0.0,0.0,2560.0
2022-06-07,1813.33,1397598.2288,0.0,0.0,2514.0
2022-06-08,1791.88,941510.1373,0.0,0.0,2410.0
2022-06-09,1788.81,535310.9618,0.0,0.0,2342.0
2022-06-10,1662.91,955035.79239,0.0,0.0,2320.0
2022-06-11,1532.89,1220325.2542,0.0,0.0,2320.0
2022-06-12,1434.84,1563225.37018,0.0,0.0,2320.0
2022-06-13,1209.82,3626351.66536,0.0,0.0,2260.0
2022-06-14,1208.9,2716493.80131,0.0,0.0,2284.0
2022-06-15,1237.52,3114823.13621,0.0,0.0,2387.0
2022-06-16,1068.5,1447386.8304,0.0,0.0,2462.0
2022-06-17,1086.94,1220677.9491,0.0,0.0,2578.0
2022-06-18,995.13,2308983.5187,0.0,0.0,2578.0
2022-06-19,1128.53,2018599.4499,0.0,0.0,2578.0
2022-06-20,1128.24,1721772.9132,0.0,0.0,2596.0
2022-06-21,1125.85,1306095.3757,0.0,0.0,2484.0
2022-06-22,1050.19,1306959.8593,0.0,0.0,2349.0
2022-06-23,1144.72,1278257.0899,0.0,0.0,2354.0
2022-06-24,1225.02,1337137.483,0.0,0.0,2331.0
2022-06-25,1242.36,861986.6177,0.0,0.0,2331.0
2022-06-26,1197.79,884184.273,0.0,0.0,2331.0
2022-06-27,1192.51,868734.2061,0.0,0.0,2295.0
2022-06-28,1144.05,1104065.2211,0.0,0.0,2204.0
2022-06-29,1100.21,1295517.796,0.0,0.0,2186.0
2022-06-30,1071.01,1420670.3656,0.0,0.0,2240.0
2022-07-01,1059.73,1562255.1439,0.0,0.0,2214.0
2022-07-02,1067.01,714812.0804,0.0,0.0,2214.0
2022-07-03,1074.26,644746.3337,0.0,0.0,2214.0
2022-07-04,1151.0,1150108.9861,0.0,0.0,2159.0
2022-07-05,1132.5,1398961.4495,0.0,0.0,2098.0
2022-07-06,1186.57,1211768.0757,0.0,0.0,2043.0
2022-07-07,1237.49,1001316.079,0.0,0.0,2073.0
2022-07-08,1214.04,1189518.3631,0.0,0.0,2067.0
2022-07-09,1217.02,576337.1809,0.0,0.0,2067.0
2022-07-10,1168.36,1018038.6506,0.0,0.0,2067.0
2022-07-11,1096.4,1201652.3048,0.0,0.0,2081.0
2022-07-12,1038.58,1261349.6321,0.0,0.0,2013.0
2022-07-13,1115.0,2035605.8299,0.0,0.0,2002.0
2022-07-14,1193.42,1605101.9262,0.0,0.0,2010.0
2022-07-15,1231.25,1466037.2584,0.0,0.0,2150.0
2022-07-16,1355.85,1493809.9226,0.0,0.0,2150.0
2022-07-17,1338.65,1246202.8795,0.0,0.0,2150.0
2022-07-18,1581.04,2029918.76521,0.0,0.0,2162.0
2022-07-19,1542.32,1846048.6816,0.0,0.0,2145.0
2022-07-20,1521.58,1351177.4247,0.0,0.0,2113.0
2022-07-21,1575.45,1247327.4963,0.0,0.0,2118.0
2022-07-22,1535.27,1170723.0873,0.0,0.0,2146.0
2022-07-23,1548.67,851284.7339,0.0,0.0,2146.0
2022-07-24,1597.7,1009935.8997,0.0,0.0,2146.0
2022-07-25,1440.79,1418390.9809,0.0,0.0,2114.0
2022-07-26,1449.12,1199643.7408,0.0,0.0,2061.0
2022-07-27,1635.74,1513426.0413,0.0,0.0,2007.0
2022-07-28,1724.52,1578145.07555,0.0,0.0,1945.0
2022-07-29,1721.68,1205266.5703,0.0,0.0,1895.0
2022-07-30,1697.0,735132.5286,0.0,0.0,1895.0
2022-07-31,1678.12,696326.8079,0.0,0.0,1895.0
2022-08-01,1630.28,801566.5648,0.0,0.0,1872.0
2022-08-02,1630.91,1081964.5104,0.0,0.0,1817.0
2022-08-03,1618.16,777724.7413,0.0,0.0,1731.0
2022-08-04,1607.96,735552.181,0.0,0.0,1603.0
2022-08-05,1736.81,1005846.4712,0.0,0.0,1560.0
2022-08-06,1690.6,523314.6444,0.0,0.0,1560.0
2022-08-07,1700.19,439904.764,0.0,0.0,1560.0
2022-08-08,1777.05,781620.5443,0.0,0.0,1566.0
2022-08-09,1702.76,818171.1019,0.0,0.0,1564.0
2022-08-10,1853.57,1317767.5127,0.0,0.0,1592.0
2022-08-11,1880.19,1105261.9009,0.0,0.0,1556.0
2022-08-12,1958.28,717628.1015,0.0,0.0,1477.0
2022-08-13,1983.55,695876.0293,0.0,0.0,1477.0
2022-08-14,1935.31,569583.4852,0.0,0.0,1477.0
2022-08-15,1899.06,949162.3305,0.0,0.0,1404.0
2022-08-16,1876.67,622729.1499,0.0,0.0,1387.0
2022-08-17,1834.25,951824.8975,0.0,0.0,1394.0
2022-08-18,1846.39,606254.024,0.0,0.0,1320.0
2022-08-19,1609.01,1419826.9515,0.0,0.0,1279.0
2022-08-20,1576.04,914615.9226,0.0,0.0,1279.0
2022-08-21,1618.13,780662.6062,0.0,0.0,1279.0
2022-08-22,1624.66,941192.8954,0.0,0.0,1270.0
2022-08-23,1665.41,940246.932,0.0,0.0,1271.0
2022-08-24,1656.56,744667.6078,0.0,0.0,1213.0
2022-08-25,1695.11,603090.713,0.0,0.0,1123.0
2022-08-26,1508.18,1149912.8292,0.0,0.0,1082.0
2022-08-27,1491.06,756136.6768,0.0,0.0,1082.0
2022-08-28,1426.76,544846.4486,0.0,0.0,1082.0
2022-08-29,1551.8,826252.0831,0.0,0.0,1082.0
2022-08-30,1524.59,1003075.0172,0.0,0.0,1017.0
2022-08-31,1554.1,949227.6775,0.0,0.0,965.0
2022-09-01,1586.16,728710.482,0.0,0.0,1002.0
2022-09-02,1575.35,919009.6598,0.0,0.0,1086.0
2022-09-03,1557.46,321397.2189,0.0,0.0,1086.0
2022-09-04,1579.28,296591.1166,0.0,0.0,1086.0
2022-09-05,1617.8,503492.937,0.0,0.0,1133.0
2022-09-06,1559.01,1010722.8578,0.0,0.0,1114.0
2022-09-07,1630.0,850991.4243,0.0,0.0,1133.0
2022-09-08,1635.37,645124.0085,0.0,0.0,1178.0
2022-09-09,1718.23,837458.2126,0.0,0.0,1213.0
2022-09-10,1774.12,411046.2466,0.0,0.0,1213.0
2022-09-11,1766.11,409287.7263,0.0,0.0,1213.0
2022-09-12,1716.37,630774.6032,0.0,0.0,1256.0
2022-09-13,1574.4,1134549.7256,0.0,0.0,1408.0
2022-09-14,1638.39,764562.5393,0.0,0.0,1595.0
2022-09-15,1472.75,1335499.8047,0.0,0.0,1612.0
2022-09-16,1433.9,693597.2425,0.0,0.0,1553.0
2022-09-17,1468.83,421391.3743,0.0,0.0,1553.0
2022-09-18,1334.51,804113.468,0.0,0.0,1553.0
2022-09-19,1375.98,974855.198,0.0,0.0,1553.0
2022-09-20,1322.93,658027.1465,0.0,0.0,1729.0
2022-09-21,1245.78,1192266.7379,0.0,0.0,1746.0
2022-09-22,1326.46,904282.2725,0.0,0.0,1720.0
2022-09-23,1327.25,974052.3644,0.0,0.0,1816.0
2022-09-24,1317.13,517557.3497,0.0,0.0,1816.0
2022-09-25,1294.63,515533.8409,0.0,0.0,1816.0
2022-09-26,1336.17,799166.4333,0.0,0.0,1813.0
2022-09-27,1328.02,860584.8944,0.0,0.0,1807.0
2022-09-28,1337.2,919314.9131,0.0,0.0,1799.0
2022-09-29,1335.7,770591.6895,0.0,0.0,1757.0
2022-09-30,1328.72,740753.611,0.0,0.0,1760.0
2022-10-01,1311.79,252081.9056,0.0,0.0,1760.0
2022-10-02,1276.72,371740.0407,0.0,0.0,1760.0
2022-10-03,1323.09,483775.2435,0.0,0.0,1788.0
2022-10-04,1361.49,476207.6702,0.0,0.0,1865.0
2022-10-05,1352.2,483508.7782,0.0,0.0,1996.0
2022-10-06,1352.06,573975.324,0.0,0.0,1992.0
2022-10-07,1331.1,491999.8776,0.0,0.0,1961.0
2022-10-08,1315.48,203391.6612,0.0,0.0,1961.0
2022-10-09,1323.13,186201.9185,0.0,0.0,1961.0
2022-10-10,1290.03,393663.0114,0.0,0.0,1944.0
2022-10-11,1280.11,429430.3941,0.0,0.0,1904.0
2022-10-12,1294.44,369712.5759,0.0,0.0,1873.0
2022-10-13,1287.08,945618.3163,0.0,0.0,1818.0
2022-10-14,1296.27,669742.8093,0.0,0.0,1838.0
2022-10-15,1274.92,287100.9529,0.0,0.0,1838.0
2022-10-16,1305.95,293321.3632,0.0,0.0,1838.0
2022-10-17,1331.4,459848.4941,0.0,0.0,1843.0
2022-10-18,1310.71,572728.9189,0.0,0.0,1875.0
2022-10-19,1285.09,368637.5105,0.0,0.0,1871.0
2022-10-20,1282.57,428531.6103,0.0,0.0,1837.0
2022-10-21,1299.75,468076.7986,0.0,0.0,1819.0
2022-10-22,1313.61,221776.7007,0.0,0.0,1819.0
2022-10-23,1364.2,432269.46,0.0,0.0,1819.0
2022-10-24,1343.61,611830.797,0.0,0.0,1797.0
2022-10-25,1459.74,1127932.9012,0.0,0.0,1755.0
2022-10-26,1566.1,1236044.7023,0.0,0.0,1706.0
2022-10-27,1514.05,869454.4851,0.0,0.0,1612.0
2022-10-28,1554.41,858954.4425,0.0,0.0,1534.0
2022-10-29,1619.55,914161.0846,0.0,0.0,1534.0
2022-10-30,1590.44,476036.4243,0.0,0.0,1534.0
2022-10-31,1572.69,810334.2414,0.0,0.0,1463.0
2022-11-01,1578.48,527539.2965,0.0,0.0,1377.0
2022-11-02,1518.34,981395.3648,0.0,0.0,1321.0
2022-11-03,1531.01,560202.8813,0.0,0.0,1290.0
2022-11-04,1644.78,935531.4781,0.0,0.0,1323.0
2022-11-05,1626.98,351385.5362,0.0,0.0,1323.0
2022-11-06,1568.29,414863.9525,0.0,0.0,1323.0
2022-11-07,1568.1,642409.4494,0.0,0.0,1337.0
2022-11-08,1334.77,2339916.5089,0.0,0.0,1356.0
2022-11-09,1102.73,2494797.9357,0.0,0.0,1393.0
2022-11-10,1299.28,1975955.6767,0.0,0.0,1390.0
2022-11-11,1289.28,1308087.1498,0.0,0.0,1355.0
2022-11-12,1257.25,547772.9172,0.0,0.0,1355.0
2022-11-13,1221.49,547410.5304,0.0,0.0,1355.0
2022-11-14,1243.28,934742.0059,0.0,0.0,1325.0
2022-11-15,1253.23,632825.568,0.0,0.0,1300.0
2022-11-16,1216.17,673339.7215,0.0,0.0,1288.0
2022-11-17,1200.43,530537.3488,0.0,0.0,1228.0
2022-11-18,1212.58,360218.5337,0.0,0.0,1189.0
2022-11-19,1217.67,209789.5888,0.0,0.0,1189.0
2022-11-20,1142.21,531108.7607,0.0,0.0,1189.0
2022-11-21,1107.34,922647.9454,0.0,0.0,1177.0
2022-11-22,1139.6,748884.5791,0.0,0.0,1149.0
2022-11-23,1184.52,636927.1594,0.0,0.0,1184.0
2022-11-24,1203.73,486080.6123,0.0,0.0,1242.0
2022-11-25,1199.3,391430.1658,0.0,0.0,1324.0
2022-11-26,1205.6,379840.8116,0.0,0.0,1324.0
2022-11-27,1193.88,286386.7986,0.0,0.0,1324.0
2022-11-28,1167.77,478795.6093,0.0,0.0,1347.0
2022-11-29,1216.49,512143.5861,0.0,0.0,1327.0
2022-11-30,1294.46,815679.2717,0.0,0.0,1355.0
2022-12-01,1276.41,430018.7391,0.0,0.0,1338.0
2022-12-02,1295.59,371559.585,0.0,0.0,1324.0
2022-12-03,1240.51,347148.2588,0.0,0.0,1324.0
2022-12-04,1279.41,324129.5466,0.0,0.0,1324.0
2022-12-05,1259.41,391628.5166,0.0,0.0,1323.0
2022-12-06,1271.32,301631.839,0.0,0.0,1340.0
2022-12-07,1231.18,398559.5166,0.0,0.0,1373.0
2022-12-08,1280.18,406653.5447,0.0,0.0,1385.0
2022-12-09,1263.1,406008.0032,0.0,0.0,1386.0
2022-12-10,1266.35,182278.6396,0.0,0.0,1386.0
2022-12-11,1263.01,180494.902,0.0,0.0,1386.0
2022-12-12,1275.4,363750.5481,0.0,0.0,1361.0
2022-12-13,1320.69,659393.8825,0.0,0.0,1357.0
2022-12-14,1307.44,554465.5717,0.0,0.0,1401.0
2022-12-15,1266.54,390051.2447,0.0,0.0,1528.0
2022-12-16,1166.83,751422.2779,0.0,0.0,1560.0
2022-12-17,1187.16,328881.6281,0.0,0.0,1560.0
2022-12-18,1183.06,252260.144,0.0,0.0,1560.0
2022-12-19,1167.82,296832.7228,0.0,0.0,1548.0
2022-12-20,1216.94,465184.1943,0.0,0.0,1596.0
2022-12-21,1213.78,245723.8377,0.0,0.0,1723.0
2022-12-22,1217.71,336761.6598,0.0,0.0,1650.0
2022-12-23,1219.99,278604.2882,0.0,0.0,1515.0
2022-12-24,1220.41,123701.5301,0.0,0.0,1515.0
2022-12-25,1218.51,231652.0612,0.0,0.0,1515.0
2022-12-26,1228.11,162723.0857,0.0,0.0,1515.0
2022-12-27,1211.55,262437.6398,0.0,0.0,1515.0
2022-12-28,1190.15,367828.8914,0.0,0.0,1515.0
2022-12-29,1200.49,249130.4869,0.0,0.0,1515.0
2022-12-30,1199.99,266014.2115,0.0,0.0,1515.0
2022-12-31,1196.13,139379.2811,0.0,0.0,1515.0
2023-01-01,1200.34,117762.0685,0.0,0.0,1515.0
2023-01-02,1214.0,252794.14,0.0,0.0,1515.0
2023-01-03,1214.55,205519.4944,0.0,0.0,1250.0
2023-01-04,1256.9,457799.6648,0.0,0.0,1176.0
2023-01-05,1251.24,272805.33,0.0,0.0,1146.0
2023-01-06,1269.14,342344.2023,0.0,0.0,1130.0
2023-01-07,1264.07,129474.2884,0.0,0.0,1130.0
2023-01-08,1290.16,213636.7848,0.0,0.0,1130.0
2023-01-09,1320.39,581727.6968,0.0,0.0,1139.0
2023-01-10,1335.62,459660.2307,0.0,0.0,1096.0
2023-01-11,1389.39,472465.9556,0.0,0.0,1043.0
2023-01-12,1415.92,877712.4492,0.0,0.0,976.0
2023-01-13,1451.2,499377.8649,0.0,0.0,946.0
2023-01-14,1549.9,940691.7774,0.0,0.0,946.0
2023-01-15,1552.52,387832.7138,0.0,0.0,946.0
2023-01-16,1576.94,574622.8953,0.0,0.0,946.0
2023-01-17,1565.57,506771.7219,0.0,0.0,921.0
2023-01-18,1511.43,752534.8857,0.0,0.0,874.0
2023-01-19,1551.09,308679.4645,0.0,0.0,801.0
2023-01-20,1658.52,440570.9974,0.0,0.0,763.0
2023-01-21,1626.66,494248.6009,0.0,0.0,763.0
2023-01-22,1627.44,431729.6909,0.0,0.0,763.0
2023-01-23,1626.29,407267.1156,0.0,0.0,740.0
2023-01-24,1555.97,462275.3243,0.0,0.0,721.0
2023-01-25,1611.94,646474.9166,0.0,0.0,703.0
2023-01-26,1601.09,532777.8466,0.0,0.0,677.0
2023-01-27,1597.62,512093.3875,0.0,0.0,676.0
2023-01-28,1572.1,313675.6574,0.0,0.0,676.0
2023-01-29,1644.72,551767.9134,0.0,0.0,676.0
2023-01-30,1566.2,595055.3281,0.0,0.0,680.0
2023-01-31,1585.33,348856.6751,0.0,0.0,681.0
2023-02-01,1641.68,474617.1709,0.0,0.0,668.0
2023-02-02,1643.12,629188.8874,0.0,0.0,640.0
2023-02-03,1663.52,464815.032,0.0,0.0,621.0
2023-02-04,1666.38,308227.1295,0.0,0.0,621.0
2023-02-05,1629.02,413579.6748,0.0,0.0,621.0
2023-02-06,1614.29,384119.4197,0.0,0.0,608.0
2023-02-07,1671.03,451922.4,0.0,0.0,601.0
2023-02-08,1650.43,417966.2539,0.0,0.0,603.0
2023-02-09,1545.35,658011.6964,0.0,0.0,592.0
2023-02-10,1513.06,484654.2199,0.0,0.0,602.0
2023-02-11,1538.51,289691.5708,0.0,0.0,602.0
2023-02-12,1514.83,286758.374,0.0,0.0,602.0
2023-02-13,1505.24,643152.3904,0.0,0.0,616.0
2023-02-14,1555.71,668964.3768,0.0,0.0,563.0
2023-02-15,1674.92,581207.8586,0.0,0.0,541.0
2023-02-16,1637.84,832723.6731,0.0,0.0,530.0
2023-02-17,1693.87,579934.663,0.0,0.0,538.0
2023-02-18,1691.62,267305.7813,0.0,0.0,538.0
2023-02-19,1679.75,401023.0477,0.0,0.0,538.0
2023-02-20,1703.27,451314.8335,0.0,0.0,552.0
2023-02-21,1659.76,520354.4688,0.0,0.0,594.0
2023-02-22,1643.14,528875.4809,0.0,0.0,674.0
2023-02-23,1650.53,501305.9717,0.0,0.0,816.0
2023-02-24,1607.8,512515.4982,0.0,0.0,883.0
2023-02-25,1594.58,290188.0391,0.0,0.0,883.0
2023-02-26,1641.36,308607.9941,0.0,0.0,883.0
2023-02-27,1633.45,431861.4129,0.0,0.0,935.0
2023-02-28,1605.23,393523.1647,0.0,0.0,990.0
2023-03-01,1665.22,474456.8235,0.0,0.0,1099.0
2023-03-02,1647.86,423023.8082,0.0,0.0,1145.0
2023-03-03,1569.45,742816.5976,0.0,0.0,1211.0
2023-03-04,1566.73,237640.2606,0.0,0.0,1211.0
2023-03-05,1564.58,299240.7415,0.0,0.0,1211.0
2023-03-06,1565.84,307709.3011,0.0,0.0,1258.0
2023-03-07,1561.96,437947.9032,0.0,0.0,1298.0
2023-03-08,1532.38,460101.7658,0.0,0.0,1327.0
2023-03-09,1437.32,718485.1364,0.0,0.0,1379.0
2023-03-10,1426.44,960262.4509,0.0,0.0,1424.0
2023-03-11,1471.97,1374859.6201,0.0,0.0,1424.0
2023-03-12,1580.33,1002355.0929,0.0,0.0,1424.0
2023-03-13,1673.45,1228063.6053,0.0,0.0,1465.0
2023-03-14,1699.4,1283321.2355,0.0,0.0,1587.0
2023-03-15,1649.96,963142.4833,0.0,0.0,1603.0
2023-03-16,1673.73,627985.6119,0.0,0.0,1560.0
2023-03-17,1789.27,907528.2825,0.0,0.0,1535.0
2023-03-18,1758.84,711614.731,0.0,0.0,1535.0
2023-03-19,1780.68,541131.8908,0.0,0.0,1535.0
2023-03-20,1732.78,682848.1248,0.0,0.0,1542.0
2023-03-21,1801.23,742348.4999,0.0,0.0,1512.0
2023-03-22,1734.33,891287.6009,0.0,0.0,1456.0
2023-03-23,1813.79,732061.103,0.0,0.0,1484.0
2023-03-24,1749.57,564770.1417,0.0,0.0,1489.0
2023-03-25,1741.88,355679.3743,0.0,0.0,1489.0
2023-03-26,1773.88,354933.2372,0.0,0.0,1489.0
2023-03-27,1715.22,570563.5023,0.0,0.0,1456.0
2023-03-28,1772.99,536511.3973,0.0,0.0,1402.0
2023-03-29,1793.07,536865.5972,0.0,0.0,1407.0
2023-03-30,1793.61,579690.0394,0.0,0.0,1403.0
2023-03-31,1821.52,554525.4762,0.0,0.0,1389.0
2023-04-01,1820.79,272904.9674,0.0,0.0,1389.0
2023-04-02,1794.51,322122.9385,0.0,0.0,1389.0
2023-04-03,1810.51,628503.6619,0.0,0.0,1412.0
2023-04-04,1870.37,622208.6411,0.0,0.0,1473.0
2023-04-05,1908.69,548595.5155,0.0,0.0,1525.0
2023-04-06,1872.41,396241.4352,0.0,0.0,1560.0
2023-04-07,1863.72,284256.4873,0.0,0.0,1560.0
2023-04-08,1848.82,197905.5407,0.0,0.0,1560.0
2023-04-09,1858.92,287131.3079,0.0,0.0,1560.0
2023-04-10,1910.2,434739.7984,0.0,0.0,1560.0
2023-04-11,1889.86,405203.4892,0.0,0.0,1507.0
2023-04-12,1917.39,630844.4186,0.0,0.0,1463.0
2023-04-13,2012.01,676164.5188,0.0,0.0,1463.0
2023-04-14,2099.99,896307.3934,0.0,0.0,1435.0
2023-04-15,2090.6,321823.7851,0.0,0.0,1435.0
2023-04-16,2118.67,319880.4393,0.0,0.0,1435.0
2023-04-17,2074.0,426972.7071,0.0,0.0,1412.0
2023-04-18,2103.5,414244.6135,0.0,0.0,1368.0
2023-04-19,1933.73,775389.0602,0.0,0.0,1372.0
2023-04-20,1942.98,625336.2495,0.0,0.0,1432.0
2023-04-21,1848.78,688876.6186,0.0,0.0,1504.0
2023-04-22,1874.16,331007.5879,0.0,0.0,1504.0
2023-04-23,1862.0,344514.3444,0.0,0.0,1504.0
2023-04-24,1841.84,447864.0517,0.0,0.0,1517.0
2023-04-25,1866.1,457870.6047,0.0,0.0,1510.0
2023-04-26,1866.01,897709.7298,0.0,0.0,1536.0
2023-04-27,1908.68,727472.9466,0.0,0.0,1581.0
2023-04-28,1890.94,387630.7791,0.0,0.0,1576.0
2023-04-29,1907.8,182046.1406,0.0,0.0,1576.0
2023-04-30,1870.09,355336.4888,0.0,0.0,1576.0
2023-05-01,1830.73,445519.1779,0.0,0.0,1576.0
2023-05-02,1870.08,373753.2027,0.0,0.0,1552.0
2023-05-03,1905.12,465185.2501,0.0,0.0,1558.0
2023-05-04,1877.07,354528.6144,0.0,0.0,1545.0
2023-05-05,1993.3,546608.875,0.0,0.0,1558.0
2023-05-06,1896.33,608106.9915,0.0,0.0,1558.0
2023-05-07,1870.4,413268.8357,0.0,0.0,1558.0
2023-05-08,1847.56,625316.6168,0.0,0.0,1558.0
2023-05-09,1846.52,304396.186,0.0,0.0,1598.0
2023-05-10,1840.84,639933.3855,0.0,0.0,1640.0
2023-05-11,1794.3,522096.0725,0.0,0.0,1608.0
2023-05-12,1807.45,565539.8309,0.0,0.0,1558.0
2023-05-13,1795.11,212895.4373,0.0,0.0,1558.0
2023-05-14,1799.21,218101.0977,0.0,0.0,1558.0
2023-05-15,1816.2,388171.9261,0.0,0.0,1522.0
2023-05-16,1824.21,311238.6786,0.0,0.0,1476.0
2023-05-17,1822.12,352097.9913,0.0,0.0,1425.0
2023-05-18,1800.56,293755.311,0.0,0.0,1402.0
2023-05-19,1812.32,243116.4676,0.0,0.0,1384.0
2023-05-20,1819.42,127754.4349,0.0,0.0,1384.0
2023-05-21,1804.91,161517.8053,0.0,0.0,1384.0
2023-05-22,1817.35,237498.9423,0.0,0.0,1365.0
2023-05-23,1854.05,396869.6097,0.0,0.0,1348.0
2023-05-24,1799.89,420846.1445,0.0,0.0,1295.0
2023-05-25,1805.6,350633.0089,0.0,0.0,1215.0
2023-05-26,1827.79,275690.6854,0.0,0.0,1172.0
2023-05-27,1829.89,138824.9406,0.0,0.0,1172.0
2023-05-28,1908.64,378392.4371,0.0,0.0,1172.0
2023-05-29,1892.6,313593.4942,0.0,0.0,1172.0
2023-05-30,1900.59,272665.8402,0.0,0.0,1123.0
2023-05-31,1873.63,319255.5681,0.0,0.0,977.0
2023-06-01,1861.78,270496.6097,0.0,0.0,937.0
2023-06-02,1906.68,313004.0658,0.0,0.0,919.0
2023-06-03,1892.06,148818.2427,0.0,0.0,919.0
2023-06-04,1890.01,172683.0119,0.0,0.0,919.0
2023-06-05,1810.5,555361.2683,0.0,0.0,939.0
2023-06-06,1884.64,491407.2174,0.0,0.0,1016.0
2023-06-07,1832.13,429196.7064,0.0,0.0,1020.0
2023-06-08,1845.64,189270.4853,0.0,0.0,1040.0
2023-06-09,1840.37,198324.3252,0.0,0.0,1055.0
2023-06-10,1751.53,652324.6695,0.0,0.0,1055.0
2023-06-11,1752.76,219956.2434,0.0,0.0,1055.0
2023-06-12,1742.57,302132.4819,0.0,0.0,1056.0
2023-06-13,1740.12,284268.0018,0.0,0.0,1074.0
2023-06-14,1650.95,415847.327,0.0,0.0,1079.0
2023-06-15,1666.96,370774.7696,0.0,0.0,1094.0
2023-06-16,1717.92,311734.5904,0.0,0.0,1076.0
2023-06-17,1727.76,210914.9216,0.0,0.0,1076.0
2023-06-18,1720.95,156535.0128,0.0,0.0,1076.0
2023-06-19,1737.11,245162.7589,0.0,0.0,1065.0
2023-06-20,1791.99,328855.6846,0.0,0.0,1078.0
2023-06-21,1889.11,613755.8869,0.0,0.0,1138.0
2023-06-22,1872.01,416714.5719,0.0,0.0,1216.0
2023-06-23,1892.63,401147.9324,0.0,0.0,1240.0
2023-06-24,1874.96,226910.2941,0.0,0.0,1240.0
2023-06-25,1898.8,338757.6158,0.0,0.0,1240.0
2023-06-26,1858.97,458743.861,0.0,0.0,1233.0
2023-06-27,1889.58,366634.5707,0.0,0.0,1183.0
2023-06-28,1828.02,337836.5792,0.0,0.0,1138.0
2023-06-29,1851.99,241844.8281,0.0,0.0,1112.0
2023-06-30,1933.79,716538.1035,0.0,0.0,1091.0
2023-07-01,1924.5,178373.3688,0.0,0.0,1091.0
2023-07-02,1937.48,255852.7832,0.0,0.0,1091.0
2023-07-03,1955.54,322102.4295,0.0,0.0,1068.0
2023-07-04,1936.2,205525.0984,0.0,0.0,1044.0
2023-07-05,1910.36,267633.4783,0.0,0.0,994.0
2023-07-06,1846.17,456362.741,0.0,0.0,993.0
2023-07-07,1870.91,232944.3466,0.0,0.0,1009.0
2023-07-08,1865.24,125819.8273,0.0,0.0,1009.0
2023-07-09,1862.8,135046.3743,0.0,0.0,1009.0
2023-07-10,1880.4,247868.1494,0.0,0.0,1024.0
2023-07-11,1878.3,177771.6117,0.0,0.0,1032.0
2023-07-12,1871.82,264406.8673,0.0,0.0,1088.0
2023-07-13,2004.49,548861.4207,0.0,0.0,1103.0
2023-07-14,1937.83,498724.0359,0.0,0.0,1090.0
2023-07-15,1931.41,135181.7663,0.0,0.0,1090.0
2023-07-16,1922.11,148667.1051,0.0,0.0,1090.0
2023-07-17,1911.2,277159.0349,0.0,0.0,1073.0
2023-07-18,1897.21,215780.5006,0.0,0.0,1037.0
2023-07-19,1888.63,218045.0005,0.0,0.0,1004.0
2023-07-20,1891.59,292907.5164,0.0,0.0,977.0
2023-07-21,1891.73,165554.0428,0.0,0.0,978.0
2023-07-22,1866.52,131901.6487,0.0,0.0,978.0
2023-07-23,1888.73,153501.0178,0.0,0.0,978.0
2023-07-24,1850.0,276504.5547,0.0,0.0,967.0
2023-07-25,1857.66,152251.21,0.0,0.0,962.0
2023-07-26,1872.0,272090.5333,0.0,0.0,1067.0
2023-07-27,1861.28,163766.4259,0.0,0.0,1097.0
2023-07-28,1874.19,138695.7147,0.0,0.0,1110.0
2023-07-29,1880.46,72867.0269,0.0,0.0,1110.0
2023-07-30,1861.79,158657.5902,0.0,0.0,1110.0
2023-07-31,1856.14,168204.4534,0.0,0.0,1127.0
2023-08-01,1873.47,358476.0966,0.0,0.0,1150.0
2023-08-02,1839.9,254213.0553,0.0,0.0,1123.0
2023-08-03,1835.81,171148.052,0.0,0.0,1128.0
2023-08-04,1830.23,187699.4552,0.0,0.0,1136.0
2023-08-05,1836.48,93657.3255,0.0,0.0,1136.0
2023-08-06,1830.28,90403.9915,0.0,0.0,1136.0
2023-08-07,1829.1,224092.9059,0.0,0.0,1145.0
2023-08-08,1856.3,236336.03,0.0,0.0,1142.0
2023-08-09,1855.35,191926.8343,0.0,0.0,1144.0
2023-08-10,1852.47,127321.4553,0.0,0.0,1137.0
2023-08-11,1848.84,113209.3103,0.0,0.0,1129.0
2023-08-12,1849.93,63292.6476,0.0,0.0,1129.0
2023-08-13,1840.73,120674.1364,0.0,0.0,1129.0
2023-08-14,1845.5,150196.1203,0.0,0.0,1135.0
2023-08-15,1828.98,186081.6989,0.0,0.0,1166.0
2023-08-16,1807.81,205430.7368,0.0,0.0,1233.0
2023-08-17,1681.49,812138.2159,0.0,0.0,1247.0
2023-08-18,1661.59,538083.1018,0.0,0.0,1237.0
2023-08-19,1669.67,231919.0485,0.0,0.0,1237.0
2023-08-20,1685.24,195623.5263,0.0,0.0,1237.0
2023-08-21,1667.55,250835.1518,0.0,0.0,1223.0
2023-08-22,1634.99,402012.045,0.0,0.0,1194.0
2023-08-23,1679.61,374761.1088,0.0,0.0,1151.0
2023-08-24,1661.16,231539.7805,0.0,0.0,1110.0
2023-08-25,1653.8,236261.6898,0.0,0.0,1080.0
2023-08-26,1647.04,79175.425,0.0,0.0,1080.0
2023-08-27,1658.33,87789.9196,0.0,0.0,1080.0
2023-08-28,1653.08,214351.0143,0.0,0.0,1080.0
2023-08-29,1729.42,494371.0823,0.0,0.0,1107.0
2023-08-30,1705.23,202841.4402,0.0,0.0,1094.0
2023-08-31,1645.76,330518.2668,0.0,0.0,1086.0
2023-09-01,1629.12,302406.1686,0.0,0.0,1065.0
2023-09-02,1637.03,102145.9476,0.0,0.0,1065.0
2023-09-03,1635.84,116767.2862,0.0,0.0,1065.0
2023-09-04,1630.51,168010.9056,0.0,0.0,1083.0
2023-09-05,1634.45,204365.4907,0.0,0.0,1063.0
2023-09-06,1633.15,219541.0193,0.0,0.0,1081.0
2023-09-07,1648.11,228558.2782,0.0,0.0,1141.0
2023-09-08,1636.44,221570.0458,0.0,0.0,1186.0
2023-09-09,1635.54,58519.6229,0.0,0.0,1186.0
2023-09-10,1617.42,207957.8428,0.0,0.0,1186.0
2023-09-11,1551.85,417424.8189,0.0,0.0,1209.0
2023-09-12,1592.97,329739.9685,0.0,0.0,1235.0
2023-09-13,1607.62,223409.2889,0.0,0.0,1290.0
2023-09-14,1626.47,275301.1505,0.0,0.0,1340.0
2023-09-15,1641.29,181340.024,0.0,0.0,1381.0
2023-09-16,1634.4,99555.4671,0.0,0.0,1381.0
2023-09-17,1622.48,120227.4117,0.0,0.0,1381.0
2023-09-18,1636.66,279041.6978,0.0,0.0,1439.0
2023-09-19,1643.12,184282.4258,0.0,0.0,1526.0
2023-09-20,1622.26,232844.2347,0.0,0.0,1584.0
2023-09-21,1583.94,240627.544,0.0,0.0,1569.0
2023-09-22,1593.08,124886.091,0.0,0.0,1593.0
2023-09-23,1593.86,64537.1341,0.0,0.0,1593.0
2023-09-24,1580.71,137517.8533,0.0,0.0,1593.0
2023-09-25,1588.33,176706.9277,0.0,0.0,1614.0
2023-09-26,1594.01,125583.0161,0.0,0.0,1694.0
2023-09-27,1598.64,274404.4328,0.0,0.0,1752.0
2023-09-28,1652.99,331409.7015,0.0,0.0,1716.0
2023-09-29,1667.45,251975.6728,0.0,0.0,1701.0
2023-09-30,1670.89,136924.9141,0.0,0.0,1701.0
2023-10-01,1733.79,225611.5868,0.0,0.0,1701.0
2023-10-02,1662.4,378575.6898,0.0,0.0,1737.0
2023-10-03,1656.88,198287.1164,0.0,0.0,1780.0
2023-10-04,1646.58,222861.7167,0.0,0.0,1778.0
2023-10-05,1611.79,237378.7449,0.0,0.0,1827.0
2023-10-06,1645.03,220507.9286,0.0,0.0,1929.0
2023-10-07,1633.57,101241.5732,0.0,0.0,1929.0
2023-10-08,1632.84,149424.6635,0.0,0.0,1929.0
2023-10-09,1580.13,340141.0988,0.0,0.0,1991.0
2023-10-10,1567.63,240659.3287,0.0,0.0,1983.0
2023-10-11,1566.87,260253.9671,0.0,0.0,1948.0
2023-10-12,1539.61,237221.4977,0.0,0.0,1935.0
2023-10-13,1552.16,192205.8736,0.0,0.0,1945.0
2023-10-14,1554.94,100314.6754,0.0,0.0,1945.0
2023-10-15,1557.77,120311.2738,0.0,0.0,1945.0
2023-10-16,1599.42,418510.8644,0.0,0.0,1972.0
2023-10-17,1565.01,234817.0699,0.0,0.0,2058.0
2023-10-18,1563.44,177750.2253,0.0,0.0,2105.0
2023-10-19,1566.57,216217.6675,0.0,0.0,2071.0
2023-10-20,1603.89,315995.792,0.0,0.0,2046.0
2023-10-21,1628.94,176419.4092,0.0,0.0,2046.0
2023-10-22,1663.7,228650.9225,0.0,0.0,2046.0
2023-10-23,1765.46,610931.9663,0.0,0.0,2017.0
2023-10-24,1784.98,674055.1375,0.0,0.0,1949.0
2023-10-25,1787.15,354410.8294,0.0,0.0,1832.0
2023-10-26,1803.38,431169.0453,0.0,0.0,1662.0
2023-10-27,1779.4,274532.6921,0.0,0.0,1563.0
2023-10-28,1776.2,122919.7382,0.0,0.0,1563.0
2023-10-29,1795.14,144110.6508,0.0,0.0,1563.0
2023-10-30,1809.04,277686.192,0.0,0.0,1502.0
2023-10-31,1814.67,258074.5796,0.0,0.0,1459.0
2023-11-01,1846.99,471921.6184,0.0,0.0,1401.0
2023-11-02,1800.8,368738.2193,0.0,0.0,1385.0
2023-11-03,1832.71,315000.2678,0.0,0.0,1462.0
2023-11-04,1855.54,171538.0364,0.0,0.0,1462.0
2023-11-05,1891.71,383106.7628,0.0,0.0,1462.0
2023-11-06,1900.95,328746.2394,0.0,0.0,1523.0
2023-11-07,1885.27,332419.4406,0.0,0.0,1559.0
2023-11-08,1888.12,247881.0997,0.0,0.0,1530.0
2023-11-09,2121.32,1100330.3237,0.0,0.0,1598.0
2023-11-10,2077.72,555573.6495,0.0,0.0,1643.0
2023-11-11,2053.17,370966.0372,0.0,0.0,1643.0
2023-11-12,2044.68,281907.559,0.0,0.0,1643.0
2023-11-13,2053.65,529143.5815,0.0,0.0,1655.0
2023-11-14,1979.39,481909.733,0.0,0.0,1662.0
2023-11-15,2058.48,421870.8032,0.0,0.0,1688.0
2023-11-16,1961.77,545286.1297,0.0,0.0,1758.0
2023-11-17,1960.82,401100.5069,0.0,0.0,1820.0
2023-11-18,1962.6,279368.2208,0.0,0.0,1820.0
2023-11-19,2011.47,251132.6192,0.0,0.0,1820.0
2023-11-20,2021.4,421717.679,0.0,0.0,1817.0
2023-11-21,1933.01,490163.9863,0.0,0.0,1796.0
2023-11-22,2063.21,466120.5109,0.0,0.0,1755.0
2023-11-23,2062.2,250960.6958,0.0,0.0,1855.0
2023-11-24,2080.84,426932.5402,0.0,0.0,2102.0
2023-11-25,2083.09,138847.393,0.0,0.0,2102.0
2023-11-26,2062.33,241262.9136,0.0,0.0,2102.0
2023-11-27,2027.5,326073.2298,0.0,0.0,2259.0
2023-11-28,2048.14,283775.9279,0.0,0.0,2391.0
2023-11-29,2028.81,254843.7319,0.0,0.0,2696.0
2023-11-30,2051.96,243680.0921,0.0,0.0,2937.0
2023-12-01,2087.24,372645.586,0.0,0.0,3192.0
2023-12-02,2164.74,320979.9768,0.0,0.0,3192.0
2023-12-03,2192.95,257879.1136,0.0,0.0,3192.0
2023-12-04,2243.37,565307.7134,0.0,0.0,3346.0
2023-12-05,2293.33,529829.7214,0.0,0.0,3143.0
2023-12-06,2232.7,408338.9056,0.0,0.0,2848.0
2023-12-07,2355.73,485190.0609,0.0,0.0,2495.0
2023-12-08,2358.72,378569.8126,0.0,0.0,2483.0
2023-12-09,2340.49,287771.0664,0.0,0.0,2483.0
2023-12-10,2352.39,200037.2102,0.0,0.0,2483.0
2023-12-11,2225.12,640414.9166,0.0,0.0,2509.0
2023-12-12,2203.46,361588.9087,0.0,0.0,2551.0
2023-12-13,2260.16,418916.6154,0.0,0.0,2438.0
2023-12-14,2315.32,409508.0931,0.0,0.0,2411.0
2023-12-15,2220.5,333552.6328,0.0,0.0,2348.0
2023-12-16,2228.96,199285.923,0.0,0.0,2348.0
2023-12-17,2196.52,225925.7675,0.0,0.0,2348.0
2023-12-18,2219.43,364103.1181,0.0,0.0,2288.0
2023-12-19,2177.91,383551.4049,0.0,0.0,2219.0
2023-12-20,2202.17,416841.6272,0.0,0.0,2150.0
2023-12-21,2239.61,453069.7252,0.0,0.0,2087.0
2023-12-22,2324.54,591357.488,0.0,0.0,2094.0
2023-12-23,2308.2,255626.9352,0.0,0.0,2094.0
2023-12-24,2264.05,307951.076,0.0,0.0,2094.0
2023-12-25,2271.35,286277.1616,0.0,0.0,2094.0
2023-12-26,2230.88,410413.1591,0.0,0.0,2094.0
2023-12-27,2378.35,541537.3574,0.0,0.0,2094.0
2023-12-28,2344.15,580459.982,0.0,0.0,2094.0
2023-12-29,2299.2,450201.2069,0.0,0.0,2094.0
2023-12-30,2291.68,210539.1327,0.0,0.0,2094.0
2023-12-31,2281.87,222175.8779,0.0,0.0,2094.0
2024-01-01,2352.04,216702.6914,0.0,0.0,2094.0
2024-01-02,2355.34,458041.6642,0.0,0.0,2093.0
2024-01-03,2209.72,798729.4869,0.0,0.0,2091.0
2024-01-04,2267.11,448844.055,0.0,0.0,2086.0
2024-01-05,2268.78,405568.0006,0.0,0.0,2110.0
2024-01-06,2240.78,194067.8656,0.0,0.0,2110.0
2024-01-07,2221.42,207138.6927,0.0,0.0,2110.0
2024-01-08,2330.44,539407.5547,0.0,0.0,2022.0
2024-01-09,2344.29,551454.9931,0.0,0.0,1875.0
2024-01-10,2584.38,1038388.666,0.0,0.0,1664.0
2024-01-11,2618.01,838712.2577,0.0,0.0,1554.0
2024-01-12,2522.54,887457.7627,0.0,0.0,1460.0
2024-01-13,2578.19,422061.232,0.0,0.0,1460.0
2024-01-14,2472.87,306207.7463,0.0,0.0,1460.0
2024-01-15,2511.78,315247.8819,0.0,0.0,1360.0
2024-01-16,2587.4,381077.6247,0.0,0.0,1324.0
2024-01-17,2530.19,366281.3477,0.0,0.0,1308.0
2024-01-18,2470.81,452090.1074,0.0,0.0,1357.0
2024-01-19,2492.0,424209.0029,0.0,0.0,1503.0
2024-01-20,2472.01,136620.9577,0.0,0.0,1503.0
2024-01-21,2457.05,122572.1687,0.0,0.0,1503.0
2024-01-22,2314.2,526337.6492,0.0,0.0,1518.0
2024-01-23,2242.6,700105.3314,0.0,0.0,1473.0
2024-01-24,2235.02,359851.1496,0.0,0.0,1507.0
2024-01-25,2218.64,330426.6061,0.0,0.0,1499.0
2024-01-26,2267.68,363566.4255,0.0,0.0,1518.0
2024-01-27,2267.94,145109.3836,0.0,0.0,1518.0
2024-01-28,2256.9,209326.9087,0.0,0.0,1518.0
2024-01-29,2317.6,305528.0776,0.0,0.0,1460.0
2024-01-30,2343.01,372879.5791,0.0,0.0,1397.0
2024-01-31,2283.14,397116.1859,0.0,0.0,1398.0
2024-02-01,2304.28,310997.4538,0.0,0.0,1388.0
2024-02-02,2309.06,238230.511,0.0,0.0,1407.0
2024-02-03,2296.49,133232.845,0.0,0.0,1407.0
2024-02-04,2289.79,171232.0444,0.0,0.0,1407.0
2024-02-05,2301.83,236610.412,0.0,0.0,1436.0
2024-02-06,2372.64,368942.7498,0.0,0.0,1516.0
2024-02-07,2425.1,342791.7013,0.0,0.0,1487.0
2024-02-08,2419.55,338040.0539,0.0,0.0,1473.0
2024-02-09,2486.56,492384.385,0.0,0.0,1545.0
2024-02-10,2500.24,185099.59,0.0,0.0,1545.0
2024-02-11,2507.21,219975.1471,0.0,0.0,1545.0
2024-02-12,2659.99,449501.776,0.0,0.0,1572.0
2024-02-13,2639.99,502447.745,0.0,0.0,1585.0
2024-02-14,2774.81,461670.6944,0.0,0.0,1582.0
2024-02-15,2822.59,481689.1874,0.0,0.0,1581.0
2024-02-16,2801.8,378070.8037,0.0,0.0,1610.0
2024-02-17,2785.93,243302.8759,0.0,0.0,1610.0
2024-02-18,2881.2,367987.8833,0.0,0.0,1610.0
2024-02-19,2944.8,446451.0401,0.0,0.0,1629.0
2024-02-20,3014.81,634681.7471,0.0,0.0,1632.0
2024-02-21,2967.9,595955.0033,0.0,0.0,1676.0
2024-02-22,2971.4,563525.9936,0.0,0.0,1752.0
2024-02-23,2922.24,428826.5787,0.0,0.0,1866.0
2024-02-24,2992.62,243854.0783,0.0,0.0,1866.0
2024-02-25,3112.59,412306.2237,0.0,0.0,1866.0
2024-02-26,3175.94,546722.7747,0.0,0.0,1871.0
2024-02-27,3242.36,625939.1221,0.0,0.0,1899.0
2024-02-28,3383.1,947538.766,0.0,0.0,2041.0
2024-02-29,3340.09,759698.1123,0.0,0.0,2111.0
2024-03-01,3433.43,412788.5773,0.0,0.0,2203.0
2024-03-02,3421.4,283984.9448,0.0,0.0,2203.0
2024-03-03,3487.81,341631.531,0.0,0.0,2203.0
2024-03-04,3627.76,715360.6361,0.0,0.0,2297.0
2024-03-05,3553.65,1392904.864,0.0,0.0,2291.0
2024-03-06,3818.59,969494.71,0.0,0.0,2176.0
2024-03-07,3868.76,540780.675,0.0,0.0,2251.0
2024-03-08,3883.36,646399.2589,0.0,0.0,2345.0
2024-03-09,3905.21,254839.1386,0.0,0.0,2345.0
2024-03-10,3878.47,356664.68,0.0,0.0,2345.0
2024-03-11,4064.8,721554.5139,0.0,0.0,2377.0
2024-03-12,3979.96,632787.3941,0.0,0.0,2315.0
2024-03-13,4004.79,482305.7766,0.0,0.0,2370.0
2024-03-14,3881.7,648237.5245,0.0,0.0,2350.0
2024-03-15,3742.19,947537.4071,0.0,0.0,2374.0
2024-03-16,3523.09,548288.1569,0.0,0.0,2374.0
2024-03-17,3644.71,517790.9936,0.0,0.0,2374.0
2024-03-18,3520.46,570901.2851,0.0,0.0,2419.0
2024-03-19,3158.64,1049629.6936,0.0,0.0,2392.0
2024-03-20,3516.53,1207322.8201,0.0,0.0,2284.0
2024-03-21,3492.85,602755.2072,0.0,0.0,2240.0
2024-03-22,3336.35,558848.888,0.0,0.0,2196.0
2024-03-23,3329.53,323675.9448,0.0,0.0,2196.0
2024-03-24,3454.98,260824.1408,0.0,0.0,2196.0
2024-03-25,3590.42,548577.6942,0.0,0.0,2123.0
2024-03-26,3587.33,499013.8384,0.0,0.0,1989.0
2024-03-27,3501.19,443195.3297,0.0,0.0,1845.0
2024-03-28,3560.49,404654.0311,0.0,0.0,1821.0
2024-03-29,3509.74,323086.179,0.0,0.0,1821.0
2024-03-30,3505.64,216025.2634,0.0,0.0,1821.0
2024-03-31,3645.29,243464.9877,0.0,0.0,1821.0
2024-04-01,3503.8,408854.1225,0.0,0.0,1821.0
2024-04-02,3278.96,623264.6476,0.0,0.0,1714.0
2024-04-03,3310.83,410484.1933,0.0,0.0,1711.0
2024-04-04,3327.4,356338.5716,0.0,0.0,1669.0
2024-04-05,3317.85,344556.7983,0.0,0.0,1628.0
2024-04-06,3351.59,183312.2125,0.0,0.0,1628.0
2024-04-07,3454.2,210459.0752,0.0,0.0,1628.0
2024-04-08,3694.61,496841.3532,0.0,0.0,1594.0
2024-04-09,3506.39,457592.252,0.0,0.0,1570.0
2024-04-10,3545.64,389404.9055,0.0,0.0,1587.0
2024-04-11,3502.52,338139.5534,0.0,0.0,1690.0
2024-04-12,3237.43,697327.1174,0.0,0.0,1729.0
2024-04-13,3007.01,994971.2354,0.0,0.0,1729.0
2024-04-14,3155.11,737580.4666,0.0,0.0,1729.0
2024-04-15,3101.99,605430.8863,0.0,0.0,1730.0
2024-04-16,3084.22,526113.855,0.0,0.0,1779.0
2024-04-17,2985.41,491897.5661,0.0,0.0,1844.0
2024-04-18,3064.4,389060.7133,0.0,0.0,1901.0
2024-04-19,3056.46,607850.4019,0.0,0.0,1919.0
2024-04-20,3155.79,242577.6371,0.0,0.0,1919.0
2024-04-21,3147.67,219970.5072,0.0,0.0,1919.0
2024-04-22,3200.2,290879.9569,0.0,0.0,1882.0
2024-04-23,3219.46,253914.2263,0.0,0.0,1804.0
2024-04-24,3140.8,393314.3414,0.0,0.0,1774.0
2024-04-25,3155.8,352288.5502,0.0,0.0,1743.0
2024-04-26,3131.3,252522.655,0.0,0.0,1721.0
2024-04-27,3255.56,323811.1919,0.0,0.0,1721.0
2024-04-28,3263.45,304766.009,0.0,0.0,1721.0
2024-04-29,3216.73,421831.2912,0.0,0.0,1684.0
2024-04-30,3014.05,561717.4866,0.0,0.0,1685.0
2024-05-01,2972.46,624963.7773,0.0,0.0,1688.0
2024-05-02,2986.19,365939.7191,0.0,0.0,1774.0
2024-05-03,3102.61,355825.8391,0.0,0.0,1876.0
2024-05-04,3117.23,196263.9488,0.0,0.0,1876.0
2024-05-05,3136.41,218760.2662,0.0,0.0,1876.0
2024-05-06,3062.6,355135.3027,0.0,0.0,1876.0
2024-05-07,3005.69,298796.6829,0.0,0.0,2083.0
2024-05-08,2974.21,266934.8125,0.0,0.0,2203.0
2024-05-09,3036.23,238561.7462,0.0,0.0,2166.0
2024-05-10,2909.99,327855.8758,0.0,0.0,2129.0
2024-05-11,2912.45,138163.1087,0.0,0.0,2129.0
2024-05-12,2929.29,107670.6323,0.0,0.0,2129.0
2024-05-13,2950.99,368664.7648,0.0,0.0,2066.0
2024-05-14,2881.93,269675.3037,0.0,0.0,1993.0
2024-05-15,3032.55,350254.3188,0.0,0.0,1889.0
2024-05-16,2944.7,293874.1513,0.0,0.0,1817.0
2024-05-17,3092.01,357724.7731,0.0,0.0,1844.0
2024-05-18,3122.94,199976.5456,0.0,0.0,1844.0
2024-05-19,3071.19,166145.0102,0.0,0.0,1844.0
2024-05-20,3661.78,847107.8828,0.0,0.0,1847.0
2024-05-21,3789.6,952437.2694,0.0,0.0,1829.0
2024-05-22,3737.73,574938.3099,0.0,0.0,1804.0
2024-05-23,3783.61,1127866.076,0.0,0.0,1796.0
2024-05-24,3728.28,479418.4318,0.0,0.0,1797.0
2024-05-25,3749.26,158711.8992,0.0,0.0,1797.0
2024-05-26,3826.47,292208.2937,0.0,0.0,1797.0
2024-05-27,3894.22,363717.6473,0.0,0.0,1797.0
2024-05-28,3844.69,416249.8344,0.0,0.0,1784.0
2024-05-29,3767.43,334759.6348,0.0,0.0,1790.0
2024-05-30,3747.91,277034.2894,0.0,0.0,1801.0
2024-05-31,3762.29,273406.766,0.0,0.0,1815.0
2024-06-01,3815.82,132687.2006,0.0,0.0,1815.0
2024-06-02,3780.91,210295.4407,0.0,0.0,1815.0
2024-06-03,3767.06,248848.702,0.0,0.0,1808.0
2024-06-04,3810.23,232063.7468,0.0,0.0,1813.0
2024-06-05,3865.99,273738.6035,0.0,0.0,1852.0
2024-06-06,3813.46,237504.1905,0.0,0.0,1869.0
2024-06-07,3678.32,362223.3594,0.0,0.0,1881.0
2024-06-08,3681.57,140550.8394,0.0,0.0,1881.0
2024-06-09,3706.4,103451.102,0.0,0.0,1881.0
2024-06-10,3667.85,156363.1846,0.0,0.0,1883.0
2024-06-11,3497.33,439568.5978,0.0,0.0,1831.0
2024-06-12,3560.12,387043.774,0.0,0.0,1836.0
2024-06-13,3469.4,300230.8299,0.0,0.0,1942.0
2024-06-14,3481.8,322316.4214,0.0,0.0,1948.0
2024-06-15,3568.74,246649.5894,0.0,0.0,1948.0
2024-06-16,3624.41,149839.982,0.0,0.0,1948.0
2024-06-17,3511.46,337805.6402,0.0,0.0,1948.0
2024-06-18,3483.42,449913.3014,0.0,0.0,1961.0
2024-06-19,3560.51,321500.0027,0.0,0.0,1943.0
2024-06-20,3513.08,329117.8453,0.0,0.0,1984.0
2024-06-21,3518.5,342155.102,0.0,0.0,1997.0
2024-06-22,3495.75,115774.6157,0.0,0.0,1997.0
2024-06-23,3420.91,133411.4304,0.0,0.0,1997.0
2024-06-24,3352.73,543370.4229,0.0,0.0,1973.0
2024-06-25,3394.91,240036.2236,0.0,0.0,1926.0
2024-06-26,3371.44,206949.3418,0.0,0.0,1964.0
2024-06-27,3450.44,201041.6609,0.0,0.0,2031.0
2024-06-28,3380.15,221634.3435,0.0,0.0,2050.0
2024-06-29,3378.8,88329.7651,0.0,0.0,2050.0
2024-06-30,3438.16,141221.6185,0.0,0.0,2050.0
2024-07-01,3442.2,224273.2122,0.0,0.0,2158.0
2024-07-02,3421.35,137932.7014,0.0,0.0,2179.0
2024-07-03,3295.48,310408.451,0.0,0.0,2064.0
2024-07-04,3059.7,450402.5692,0.0,0.0,2021.0
2024-07-05,2981.78,886994.3753,0.0,0.0,1966.0
2024-07-06,3066.83,214487.9713,0.0,0.0,1966.0
2024-07-07,2931.0,179892.7612,0.0,0.0,1966.0
2024-07-08,3019.01,500445.0105,0.0,0.0,1940.0
2024-07-09,3066.65,280358.1424,0.0,0.0,1894.0
2024-07-10,3101.05,270827.0844,0.0,0.0,1939.0
2024-07-11,3099.57,289229.32,0.0,0.0,1947.0
2024-07-12,3133.88,185745.1825,0.0,0.0,1997.0
2024-07-13,3175.93,119302.4769,0.0,0.0,1997.0
2024-07-14,3245.08,165430.7716,0.0,0.0,1997.0
2024-07-15,3483.39,314296.8452,0.0,0.0,1993.0
2024-07-16,3444.13,376128.7869,0.0,0.0,1942.0
2024-07-17,3387.05,297812.5162,0.0,0.0,1890.0
2024-07-18,3426.5,241950.3457,0.0,0.0,1912.0
2024-07-19,3503.53,299511.6422,0.0,0.0,1902.0
2024-07-20,3517.5,147510.8165,0.0,0.0,1902.0
2024-07-21,3535.92,218890.9656,0.0,0.0,1902.0
2024-07-22,3439.6,207859.5043,0.0,0.0,1896.0
2024-07-23,3482.51,500568.7811,0.0,0.0,1869.0
2024-07-24,3335.81,275479.0506,0.0,0.0,1864.0
2024-07-25,3175.48,494282.6398,0.0,0.0,1834.0
2024-07-26,3274.61,260237.4641,0.0,0.0,1808.0
2024-07-27,3249.01,231991.9037,0.0,0.0,1808.0
2024-07-28,3270.16,103529.8329,0.0,0.0,1808.0
2024-07-29,3317.66,318471.5055,0.0,0.0,1797.0
2024-07-30,3279.21,197277.1641,0.0,0.0,1762.0
2024-07-31,3232.74,233711.3352,0.0,0.0,1708.0
2024-08-01,3203.4,323285.6105,0.0,0.0,1668.0
2024-08-02,2989.61,385704.0395,0.0,0.0,1675.0
2024-08-03,2903.64,344595.3157,0.0,0.0,1675.0
2024-08-04,2688.92,512064.2612,0.0,0.0,1675.0
2024-08-05,2419.59,2670604.1003,0.0,0.0,1677.0
2024-08-06,2461.33,642283.8038,0.0,0.0,1685.0
2024-08-07,2342.8,630115.4228,0.0,0.0,1698.0
2024-08-08,2682.5,586502.8754,0.0,0.0,1683.0
2024-08-09,2598.78,406739.9611,0.0,0.0,1670.0
2024-08-10,2609.92,171012.3619,0.0,0.0,1670.0
2024-08-11,2555.38,297098.9145,0.0,0.0,1670.0
2024-08-12,2722.3,483414.2506,0.0,0.0,1655.0
2024-08-13,2702.44,325668.6964,0.0,0.0,1670.0
2024-08-14,2661.45,338808.7141,0.0,0.0,1728.0
2024-08-15,2569.89,356546.8059,0.0,0.0,1692.0
2024-08-16,2592.73,270684.1373,0.0,0.0,1691.0
2024-08-17,2614.51,89348.676,0.0,0.0,1691.0
2024-08-18,2612.15,174074.0585,0.0,0.0,1691.0
2024-08-19,2636.36,224867.1336,0.0,0.0,1708.0
2024-08-20,2572.82,281315.8751,0.0,0.0,1735.0
2024-08-21,2630.71,245286.6218,0.0,0.0,1759.0
2024-08-22,2622.88,199063.1196,0.0,0.0,1768.0
2024-08-23,2762.48,401786.4447,0.0,0.0,1762.0
2024-08-24,2768.0,263542.9441,0.0,0.0,1762.0
2024-08-25,2746.13,154527.2352,0.0,0.0,1762.0
2024-08-26,2680.49,211708.1247,0.0,0.0,1762.0
2024-08-27,2457.33,412660.7197,0.0,0.0,1721.0
2024-08-28,2528.33,451266.634,0.0,0.0,1755.0
2024-08-29,2527.61,237002.9632,0.0,0.0,1827.0
2024-08-30,2526.0,338379.1941,0.0,0.0,1814.0
2024-08-31,2513.01,97946.1147,0.0,0.0,1814.0
2024-09-01,2425.72,223127.776,0.0,0.0,1814.0
2024-09-02,2538.01,262632.8385,0.0,0.0,1919.0
2024-09-03,2425.29,224793.1299,0.0,0.0,1947.0
2024-09-04,2450.71,384179.3854,0.0,0.0,1902.0
2024-09-05,2368.81,278549.0969,0.0,0.0,1919.0
2024-09-06,2225.23,643027.111,0.0,0.0,1941.0
2024-09-07,2273.58,219453.2076,0.0,0.0,1941.0
2024-09-08,2297.3,192775.6493,0.0,0.0,1941.0
2024-09-09,2359.5,321698.99,0.0,0.0,1958.0
2024-09-10,2388.52,224382.1729,0.0,0.0,1941.0
2024-09-11,2340.55,282898.3125,0.0,0.0,1963.0
2024-09-12,2361.76,202611.1308,0.0,0.0,1927.0
2024-09-13,2439.19,253888.616,0.0,0.0,1890.0
2024-09-14,2417.79,122931.2302,0.0,0.0,1890.0
2024-09-15,2316.1,174364.1946,0.0,0.0,1890.0
2024-09-16,2295.68,330555.232,0.0,0.0,1896.0
2024-09-17,2341.8,274206.2588,0.0,0.0,1901.0
2024-09-18,2374.75,292917.6008,0.0,0.0,1890.0
2024-09-19,2465.21,326746.032,0.0,0.0,1976.0
2024-09-20,2561.4,340754.5912,0.0,0.0,1977.0
2024-09-21,2612.4,154757.8773,0.0,0.0,1977.0
2024-09-22,2581.0,214266.3257,0.0,0.0,1977.0
2024-09-23,2646.97,333282.0149,0.0,0.0,1999.0
2024-09-24,2653.2,288600.0402,0.0,0.0,2014.0
2024-09-25,2579.95,220343.4293,0.0,0.0,2016.0
2024-09-26,2632.26,278686.3573,0.0,0.0,2091.0
2024-09-27,2694.43,281826.9792,0.0,0.0,2110.0
2024-09-28,2675.21,137230.0342,0.0,0.0,2110.0
2024-09-29,2657.62,160554.3146,0.0,0.0,2110.0
2024-09-30,2602.23,282475.7961,0.0,0.0,2084.0
2024-10-01,2447.79,502828.6804,0.0,0.0,2030.0
2024-10-02,2364.1,317484.735,0.0,0.0,1978.0
2024-10-03,2349.8,314635.9263,0.0,0.0,1941.0
2024-10-04,2414.41,239383.017,0.0,0.0,1928.0
2024-10-05,2414.66,103740.2316,0.0,0.0,1928.0
2024-10-06,2440.03,105752.7096,0.0,0.0,1928.0
2024-10-07,2422.71,300459.5407,0.0,0.0,1907.0
2024-10-08,2440.89,201358.3312,0.0,0.0,1860.0
2024-10-09,2370.47,242082.2725,0.0,0.0,1799.0
2024-10-10,2386.49,257862.9619,0.0,0.0,1790.0
2024-10-11,2439.5,235441.2197,0.0,0.0,1809.0
2024-10-12,2476.4,139637.5062,0.0,0.0,1809.0
2024-10-13,2468.91,120022.8179,0.0,0.0,1809.0
2024-10-14,2629.79,435900.1619,0.0,0.0,1814.0
2024-10-15,2607.41,416285.6663,0.0,0.0,1766.0
2024-10-16,2611.1,260322.4242,0.0,0.0,1676.0
2024-10-17,2605.8,221624.5434,0.0,0.0,1594.0
2024-10-18,2642.17,292444.1153,0.0,0.0,1576.0
2024-10-19,2648.2,105413.7646,0.0,0.0,1576.0
2024-10-20,2746.91,256910.7448,0.0,0.0,1576.0
2024-10-21,2666.7,310674.7232,0.0,0.0,1546.0
2024-10-22,2622.81,265747.713,0.0,0.0,1480.0
2024-10-23,2524.61,352647.7086,0.0,0.0,1445.0
2024-10-24,2535.82,290851.7842,0.0,0.0,1417.0
2024-10-25,2440.62,514799.8822,0.0,0.0,1410.0
2024-10-26,2482.51,248724.8313,0.0,0.0,1410.0
2024-10-27,2507.8,137580.8836,0.0,0.0,1410.0
2024-10-28,2567.48,360605.327,0.0,0.0,1382.0
2024-10-29,2638.8,451915.7025,0.0,0.0,1402.0
2024-10-30,2659.19,460627.126,0.0,0.0,1395.0
2024-10-31,2518.61,403427.2017,0.0,0.0,1388.0
2024-11-01,2511.49,430249.1073,0.0,0.0,1378.0
2024-11-02,2494.23,145961.13,0.0,0.0,1378.0
2024-11-03,2457.73,276009.1197,0.0,0.0,1378.0
2024-11-04,2398.21,306316.9645,0.0,0.0,1374.0
2024-11-05,2422.55,331619.2545,0.0,0.0,1405.0
2024-11-06,2721.87,1002141.3618,0.0,0.0,1427.0
2024-11-07,2895.47,730845.9524,0.0,0.0,1451.0
2024-11-08,2961.75,568864.435,0.0,0.0,1495.0
2024-11-09,3126.21,526719.4212,0.0,0.0,1495.0
2024-11-10,3183.21,865536.7322,0.0,0.0,1495.0
2024-11-11,3371.59,1000093.9664,0.0,0.0,1558.0
2024-11-12,3243.8,973215.7285,0.0,0.0,1634.0
2024-11-13,3187.16,919686.3747,0.0,0.0,1630.0
2024-11-14,3058.82,605780.6662,0.0,0.0,1692.0
2024-11-15,3090.01,519623.6317,0.0,0.0,1785.0
2024-11-16,3132.87,423639.1573,0.0,0.0,1785.0
2024-11-17,3076.0,449818.9575,0.0,0.0,1785.0
2024-11-18,3207.8,640658.4357,0.0,0.0,1756.0
2024-11-19,3107.44,500112.0194,0.0,0.0,1627.0
2024-11-20,3069.97,503607.8336,0.0,0.0,1616.0
2024-11-21,3355.81,974923.3035,0.0,0.0,1576.0
2024-11-22,3327.78,603273.7093,0.0,0.0,1537.0
2024-11-23,3393.91,721024.0009,0.0,0.0,1537.0
2024-11-24,3361.2,479098.0921,0.0,0.0,1537.0
2024-11-25,3414.49,949330.37,0.0,0.0,1529.0
2024-11-26,3324.73,672367.1503,0.0,0.0,1581.0
2024-11-27,3653.28,754573.6485,0.0,0.0,1509.0
2024-11-28,3578.79,560976.425,0.0,0.0,1419.0
2024-11-29,3592.21,425493.2449,0.0,0.0,1354.0
2024-11-30,3703.6,503684.7485,0.0,0.0,1354.0
2024-12-01,3707.61,429089.2633,0.0,0.0,1354.0
2024-12-02,3643.42,737130.569,0.0,0.0,1298.0
2024-12-03,3614.51,678400.2032,0.0,0.0,1237.0
2024-12-04,3837.8,968744.0399,0.0,0.0,1180.0
2024-12-05,3785.2,946493.276,0.0,0.0,1160.0
2024-12-06,3998.87,803855.1146,0.0,0.0,1167.0
2024-12-07,3996.22,283920.02,0.0,0.0,1167.0
2024-12-08,4004.15,251362.1685,0.0,0.0,1167.0
2024-12-09,3712.0,939642.2001,0.0,0.0,1168.0
2024-12-10,3628.25,942206.0337,0.0,0.0,1156.0
2024-12-11,3831.81,461818.7801,0.0,0.0,1106.0
2024-12-12,3881.61,572098.6343,0.0,0.0,1055.0
2024-12-13,3906.8,387765.6873,0.0,0.0,1051.0
2024-12-14,3870.29,265538.9479,0.0,0.0,1051.0
2024-12-15,3959.09,253833.2141,0.0,0.0,1051.0
2024-12-16,3986.24,673351.0723,0.0,0.0,1071.0
2024-12-17,3893.01,450825.9861,0.0,0.0,1053.0
2024-12-18,3626.8,722505.0618,0.0,0.0,1028.0
2024-12-19,3417.01,1078153.4851,0.0,0.0,976.0
2024-12-20,3472.21,1332783.731,0.0,0.0,990.0
2024-12-21,3338.92,475275.82,0.0,0.0,990.0
2024-12-22,3281.83,361920.2495,0.0,0.0,990.0
2024-12-23,3422.53,488253.41,0.0,0.0,994.0
2024-12-24,3493.18,315723.6763,0.0,0.0,997.0
2024-12-25,3497.0,219846.0452,0.0,0.0,997.0
2024-12-26,3335.05,310170.1719,0.0,0.0,997.0
2024-12-27,3333.51,342529.6038,0.0,0.0,997.0
2024-12-28,3404.0,175963.613,0.0,0.0,997.0
2024-12-29,3356.48,156256.8819,0.0,0.0,997.0
2024-12-30,3361.84,420794.6476,0.0,0.0,997.0
2024-12-31,3337.78,303053.1685,0.0,0.0,997.0
2025-01-01,3360.38,190238.5861,0.0,0.0,997.0
2025-01-02,3455.67,338632.8874,0.0,0.0,1029.0
2025-01-03,3609.01,334041.0604,0.0,0.0,1072.0
2025-01-04,3656.88,229266.3133,0.0,0.0,1072.0
2025-01-05,3635.99,155444.1741,0.0,0.0,1072.0
2025-01-06,3687.45,329642.3648,0.0,0.0,1043.0
2025-01-07,3381.31,541543.2874,0.0,0.0,1015.0
2025-01-08,3327.29,584749.9627,0.0,0.0,966.0
2025-01-09,3219.2,501818.4247,0.0,0.0,969.0
2025-01-10,3267.04,454142.1333,0.0,0.0,1048.0
2025-01-11,3282.83,151679.7487,0.0,0.0,1048.0
2025-01-12,3267.3,164879.9709,0.0,0.0,1048.0
2025-01-13,3137.51,845907.5669,0.0,0.0,1093.0
2025-01-14,3225.63,374308.4517,0.0,0.0,1080.0
2025-01-15,3451.52,464188.034,0.0,0.0,1063.0
2025-01-16,3308.05,471282.6787,0.0,0.0,1023.0
2025-01-17,3473.63,518550.1813,0.0,0.0,987.0
2025-01-18,3307.71,634197.1281,0.0,0.0,987.0
2025-01-19,3215.12,1342301.5217,0.0,0.0,987.0
2025-01-20,3284.0,1158354.7814,0.0,0.0,957.0
2025-01-21,3327.54,548706.0513,0.0,0.0,928.0
2025-01-22,3242.6,349240.7498,0.0,0.0,893.0
2025-01-23,3338.21,605592.7225,0.0,0.0,824.0
2025-01-24,3310.09,451524.2752,0.0,0.0,778.0
2025-01-25,3318.77,208559.0415,0.0,0.0,778.0
2025-01-26,3232.61,272165.469,0.0,0.0,778.0
2025-01-27,3182.44,753004.7529,0.0,0.0,761.0
2025-01-28,3077.72,350959.7173,0.0,0.0,746.0
2025-01-29,3113.9,409737.2576,0.0,0.0,726.0
2025-01-30,3247.39,350639.4823,0.0,0.0,715.0
2025-01-31,3300.99,648681.6561,0.0,0.0,735.0
2025-02-01,3117.54,354065.2525,0.0,0.0,735.0
2025-02-02,2869.68,1050805.93,0.0,0.0,735.0
2025-02-03,2879.9,2807979.021,0.0,0.0,738.0
2025-02-04,2731.19,1259594.3919,0.0,0.0,753.0
2025-02-05,2788.25,686593.0429,0.0,0.0,771.0
2025-02-06,2686.64,719459.9571,0.0,0.0,793.0
2025-02-07,2622.1,695467.3612,0.0,0.0,815.0
2025-02-08,2632.46,379685.1509,0.0,0.0,815.0
2025-02-09,2627.18,387166.7911,0.0,0.0,815.0
2025-02-10,2661.19,398173.2716,0.0,0.0,809.0
2025-02-11,2602.59,484196.1435,0.0,0.0,801.0
2025-02-12,2738.27,646295.8959,0.0,0.0,776.0
2025-02-13,2675.87,443769.2853,0.0,0.0,780.0
2025-02-14,2725.95,419895.7862,0.0,0.0,792.0
2025-02-15,2693.04,202971.4295,0.0,0.0,792.0
2025-02-16,2661.41,191231.5314,0.0,0.0,792.0
2025-02-17,2744.05,639739.8197,0.0,0.0,806.0
2025-02-18,2671.99,604863.8737,0.0,0.0,841.0
2025-02-19,2715.5,326154.0202,0.0,0.0,904.0
2025-02-20,2738.04,336735.2544,0.0,0.0,941.0
2025-02-21,2663.0,890440.0604,0.0,0.0,981.0
2025-02-22,2763.22,444989.6669,0.0,0.0,981.0
2025-02-23,2819.69,611002.1222,0.0,0.0,981.0
2025-02-24,2513.52,876876.3707,0.0,0.0,1002.0
2025-02-25,2495.7,1322016.8718,0.0,0.0,1039.0
2025-02-26,2336.37,863087.2133,0.0,0.0,1112.0
2025-02-27,2307.72,637583.9106,0.0,0.0,1159.0
2025-02-28,2237.59,1291539.0557,0.0,0.0,1229.0
2025-03-01,2217.39,446430.7271,0.0,0.0,1229.0
2025-03-02,2518.11,1266684.7748,0.0,0.0,1229.0
2025-03-03,2149.01,1109565.2003,0.0,0.0,1276.0
2025-03-04,2171.51,1257822.3372,0.0,0.0,1262.0
2025-03-05,2241.59,687130.7897,0.0,0.0,1228.0
2025-03-06,2202.2,596908.3935,0.0,0.0,1286.0
2025-03-07,2141.6,782387.2606,0.0,0.0,1400.0
2025-03-08,2203.58,328793.0979,0.0,0.0,1400.0
2025-03-09,2020.41,601671.5882,0.0,0.0,1400.0
2025-03-10,1865.1,1248745.3514,0.0,0.0,1424.0
2025-03-11,1923.43,1171427.9995,0.0,0.0,1436.0
2025-03-12,1908.2,788739.6763,0.0,0.0,1559.0
2025-03-13,1864.59,569537.2622,0.0,0.0,1650.0
2025-03-14,1911.65,375805.7355,0.0,0.0,1669.0
2025-03-15,1937.17,209545.8675,0.0,0.0,1669.0
2025-03-16,1887.0,324766.6564,0.0,0.0,1669.0
2025-03-17,1926.31,334840.4877,0.0,0.0,1658.0
2025-03-18,1931.54,332896.0155,0.0,0.0,1650.0
2025-03-19,2056.06,691809.5034,0.0,0.0,1637.0
2025-03-20,1983.79,401518.9282,0.0,0.0,1635.0
2025-03-21,1965.75,262641.659,0.0,0.0,1643.0
2025-03-22,1980.69,170782.9574,0.0,0.0,1643.0
2025-03-23,2005.99,268707.5233,0.0,0.0,1643.0
2025-03-24,2081.2,477912.8154,0.0,0.0,1652.0
2025-03-25,2066.15,328765.3292,0.0,0.0,1642.0
2025-03-26,2009.52,428975.3286,0.0,0.0,1634.0
2025-03-27,2003.66,360634.8383,0.0,0.0,1621.0
2025-03-28,1896.9,626167.5832,0.0,0.0,1602.0
2025-03-29,1828.08,409769.7555,0.0,0.0,1602.0
2025-03-30,1807.74,327843.4476,0.0,0.0,1602.0
2025-03-31,1822.43,497854.9052,0.0,0.0,1598.0
2025-04-01,1904.98,452989.0974,0.0,0.0,1587.0
2025-04-02,1795.22,750840.7823,0.0,0.0,1583.0
2025-04-03,1817.23,508075.018,0.0,0.0,1540.0
2025-04-04,1816.87,572734.4702,0.0,0.0,1489.0
2025-04-05,1806.01,201716.2696,0.0,0.0,1489.0
2025-04-06,1580.76,979847.0958,0.0,0.0,1489.0
2025-04-07,1553.04,2168796.0067,0.0,0.0,1401.0
2025-04-08,1473.41,891846.1327,0.0,0.0,1342.0
2025-04-09,1669.51,1968530.9138,0.0,0.0,1259.0
2025-04-10,1522.25,911855.3934,0.0,0.0,1269.0
2025-04-11,1566.85,578484.3183,0.0,0.0,1274.0
2025-04-12,1644.18,501867.9033,0.0,0.0,1274.0
2025-04-13,1597.76,580136.6145,0.0,0.0,1274.0
2025-04-14,1623.77,645930.1419,0.0,0.0,1282.0
2025-04-15,1588.78,476178.8915,0.0,0.0,1263.0
2025-04-16,1577.14,611387.8686,0.0,0.0,1241.0
2025-04-17,1583.62,449870.3628,0.0,0.0,1261.0
2025-04-18,1588.6,200409.0359,0.0,0.0,1261.0
2025-04-19,1613.27,223096.3899,0.0,0.0,1261.0
2025-04-20,1587.36,276052.2306,0.0,0.0,1261.0
2025-04-21,1579.57,691486.6667,0.0,0.0,1261.0
2025-04-22,1756.26,1103036.9586,0.0,0.0,1261.0
2025-04-23,1795.07,887545.6316,0.0,0.0,1300.0
2025-04-24,1769.65,483465.0385,0.0,0.0,1353.0
2025-04-25,1784.6,595610.8894,0.0,0.0,1373.0
2025-04-26,1820.88,355068.0442,0.0,0.0,1373.0
2025-04-27,1791.29,340332.6435,0.0,0.0,1373.0
2025-04-28,1799.88,587269.743,0.0,0.0,1403.0
2025-04-29,1797.81,480456.3884,0.0,0.0,1398.0
2025-04-30,1793.61,473523.9877,0.0,0.0,1386.0
2025-05-01,1838.11,537198.7291,0.0,0.0,1411.0
2025-05-02,1842.2,410667.875,0.0,0.0,1421.0
2025-05-03,1833.52,213751.5979,0.0,0.0,1421.0
2025-05-04,1808.86,238254.3564,0.0,0.0,1421.0
2025-05-05,1820.19,342341.0078,0.0,0.0,1421.0
2025-05-06,1817.0,384584.2451,0.0,0.0,1406.0
2025-05-07,1811.11,456170.0705,0.0,0.0,1374.0
2025-05-08,2207.39,1473152.686,0.0,0.0,1316.0
2025-05-09,2345.04,1667041.0382,0.0,0.0,1299.0
2025-05-10,2583.23,979350.1606,0.0,0.0,1299.0
2025-05-11,2514.57,831584.3888,0.0,0.0,1299.0
2025-05-12,2495.47,1068680.9433,0.0,0.0,1304.0
2025-05-13,2679.71,1031355.6465,0.0,0.0,1280.0
2025-05-14,2609.74,830047.1122,0.0,0.0,1267.0
2025-05-15,2548.69,768954.0332,0.0,0.0,1305.0
2025-05-16,2537.12,605953.6919,0.0,0.0,1388.0
2025-05-17,2475.08,494333.2782,0.0,0.0,1388.0
2025-05-18,2497.78,810103.1851,0.0,0.0,1388.0
2025-05-19,2528.14,861747.523,0.0,0.0,1347.0
2025-05-20,2524.19,676989.1747,0.0,0.0,1340.0
2025-05-21,2550.99,1095890.2902,0.0,0.0,1337.0
2025-05-22,2664.82,852555.6669,0.0,0.0,1341.0
2025-05-23,2526.5,971442.4532,0.0,0.0,1340.0
2025-05-24,2530.4,257544.2344,0.0,0.0,1340.0
2025-05-25,2551.22,359890.0299,0.0,0.0,1340.0
2025-05-26,2563.7,362971.1182,0.0,0.0,1340.0
2025-05-27,2660.81,798430.8862,0.0,0.0,1296.0
2025-05-28,2681.6,560095.6833,0.0,0.0,1303.0
2025-05-29,2631.39,811567.2545,0.0,0.0,1353.0
2025-05-30,2531.34,763045.2564,0.0,0.0,1418.0
2025-05-31,2528.06,394537.2521,0.0,0.0,1418.0
2025-06-01,2539.21,332021.7088,0.0,0.0,1418.0
2025-06-02,2607.41,468889.9737,0.0,0.0,1422.0
2025-06-03,2593.36,454383.0439,0.0,0.0,1430.0
2025-06-04,2607.68,502494.8214,0.0,0.0,1489.0
2025-06-05,2414.01,808938.0344,0.0,0.0,1626.0
2025-06-06,2476.1,578843.4974,0.0,0.0,1633.0
2025-06-07,2524.63,264787.6743,0.0,0.0,1633.0
2025-06-08,2509.83,266474.7139,0.0,0.0,1633.0
2025-06-09,2680.13,568726.3025,0.0,0.0,1691.0
2025-06-10,2816.4,1138405.4775,0.0,0.0,1680.0
2025-06-11,2771.61,850210.9324,0.0,0.0,1738.0
2025-06-12,2642.65,699593.3757,0.0,0.0,1904.0
2025-06-13,2579.19,1202176.2972,0.0,0.0,1968.0
2025-06-14,2530.76,331438.9278,0.0,0.0,1968.0
2025-06-15,2547.61,299701.6624,0.0,0.0,1968.0
2025-06-16,2544.17,680429.988,0.0,0.0,1975.0
2025-06-17,2509.95,715930.4081,0.0,0.0,1952.0
2025-06-18,2525.0,504532.1818,0.0,0.0,1874.0
2025-06-19,2521.12,252646.059,0.0,0.0,1751.0
2025-06-20,2406.49,632027.8235,0.0,0.0,1689.0
2025-06-21,2295.73,496783.864,0.0,0.0,1689.0
2025-06-22,2227.7,840155.8295,0.0,0.0,1689.0
2025-06-23,2411.66,744583.8003,0.0,0.0,1674.0
2025-06-24,2448.45,516760.6621,0.0,0.0,1681.0
2025-06-25,2418.49,414894.7387,0.0,0.0,1665.0
2025-06-26,2415.96,463704.0261,0.0,0.0,1553.0
2025-06-27,2423.17,381474.766,0.0,0.0,1521.0
2025-06-28,2435.62,155814.9859,0.0,0.0,1521.0
2025-06-29,2500.09,284291.8057,0.0,0.0,1521.0
2025-06-30,2485.47,440455.714,0.0,0.0,1489.0
2025-07-01,2405.01,351951.0868,0.0,0.0,1458.0
2025-07-02,2570.41,634967.0337,0.0,0.0,1443.0
2025-07-03,2591.25,504943.6592,0.0,0.0,1434.0
2025-07-04,2508.04,452593.02,0.0,0.0,1436.0
2025-07-05,2516.41,157198.0958,0.0,0.0,1436.0
2025-07-06,2570.35,277593.6319,0.0,0.0,1436.0
2025-07-07,2542.29,315707.5272,0.0,0.0,1436.0
2025-07-08,2615.25,370915.7321,0.0,0.0,1431.0
2025-07-09,2768.74,686119.3772,0.0,0.0,1423.0
2025-07-10,2951.29,951896.07,0.0,0.0,1465.0
2025-07-11,2958.22,906839.1689,0.0,0.0,1663.0
2025-07-12,2943.28,348884.8877,0.0,0.0,1663.0
2025-07-13,2972.03,357333.5016,0.0,0.0,1663.0
2025-07-14,3013.62,815552.6496,0.0,0.0,1783.0
2025-07-15,3137.89,863583.7377,0.0,0.0,1866.0
2025-07-16,3371.35,1135950.5831,0.0,0.0,1906.0
2025-07-17,3476.87,974065.8264,0.0,0.0,2030.0
2025-07-18,3546.92,1163823.3977,0.0,0.0,2052.0
2025-07-19,3592.01,381791.9213,0.0,0.0,2052.0
2025-07-20,3756.69,852356.5533,0.0,0.0,2052.0
2025-07-21,3762.33,812074.0534,0.0,0.0,2016.0
2025-07-22,3746.21,870127.3864,0.0,0.0,2035.0
2025-07-23,3628.29,800259.4025,0.0,0.0,2120.0
2025-07-24,3706.94,749459.495,0.0,0.0,2258.0
2025-07-25,3724.96,764606.7261,0.0,0.0,2257.0
2025-07-26,3741.1,407259.7024,0.0,0.0,2257.0
2025-07-27,3872.1,457352.4605,0.0,0.0,2257.0
2025-07-28,3799.0,620994.7463,0.0,0.0,2226.0
2025-07-29,3793.79,584210.4393,0.0,0.0,2109.0
2025-07-30,3810.0,525424.9003,0.0,0.0,1995.0
2025-07-31,3698.39,516088.4503,0.0,0.0,2003.0
2025-08-01,3488.2,783869.1517,0.0,0.0,2018.0
2025-08-02,3393.94,494195.7094,0.0,0.0,2018.0
2025-08-03,3496.74,296347.6758,0.0,0.0,2018.0
2025-08-04,3720.99,463349.9861,0.0,0.0,1970.0
2025-08-05,3612.0,489070.9589,0.0,0.0,1921.0
2025-08-06,3683.31,365309.9205,0.0,0.0,1994.0
2025-08-07,3910.31,631678.9872,0.0,0.0,2008.0
2025-08-08,4009.5,723300.0109,0.0,0.0,2051.0
2025-08-09,4260.62,691932.1048,0.0,0.0,2051.0
2025-08-10,4250.57,494843.8105,0.0,0.0,2051.0
2025-08-11,4223.22,722664.04,0.0,0.0,2038.0
2025-08-12,4590.52,885288.0652,0.0,0.0,2017.0
2025-08-13,4749.3,925931.4988,0.0,0.0,2025.0
2025-08-14,4546.84,1265449.0453,0.0,0.0,2039.0
2025-08-15,4439.47,880409.2591,0.0,0.0,2044.0
2025-08-16,4421.99,358676.5884,0.0,0.0,2044.0
2025-08-17,4472.33,442461.3829,0.0,0.0,2044.0
2025-08-18,4312.99,823188.1269,0.0,0.0,2022.0
2025-08-19,4075.59,831222.7951,0.0,0.0,1964.0
2025-08-20,4336.16,728324.8933,0.0,0.0,1927.0
2025-08-21,4225.3,433836.3992,0.0,0.0,1893.0
2025-08-22,4832.07,1277976.63526,0.0,0.0,1944.0
2025-08-23,4778.4,512442.0888,0.0,0.0,1944.0
2025-08-24,4780.15,780668.77842,0.0,0.0,1944.0
2025-08-25,4376.18,1043917.1659,0.0,0.0,1944.0
2025-08-26,4600.63,834750.2767,0.0,0.0,2041.0
2025-08-27,4506.71,606669.3611,0.0,0.0,2046.0
2025-08-28,4511.21,485243.4027,0.0,0.0,2017.0
2025-08-29,4360.18,679063.8777,0.0,0.0,2025.0
2025-08-30,4373.7,340319.1826,0.0,0.0,2025.0
2025-08-31,4391.83,356586.1861,0.0,0.0,2025.0
2025-09-01,4314.5,513830.0395,0.0,0.0,2024.0
2025-09-02,4326.5,524605.0512,0.0,0.0,1986.0
2025-09-03,4450.46,487091.6861,0.0,0.0,1940.0
2025-09-04,4297.55,471795.7096,0.0,0.0,1963.0
2025-09-05,4307.45,624169.8754,0.0,0.0,1979.0
2025-09-06,4273.14,191166.0686,0.0,0.0,1979.0
2025-09-07,4306.19,169620.8372,0.0,0.0,1979.0
2025-09-08,4306.37,372882.4355,0.0,0.0,2019.0
2025-09-09,4310.09,405485.7821,0.0,0.0,2079.0
2025-09-10,4349.32,506633.9098,0.0,0.0,2112.0
2025-09-11,4458.82,441259.6649,0.0,0.0,2111.0
2025-09-12,4712.16,510777.5402,0.0,0.0,2126.0
2025-09-13,4666.53,394393.6869,0.0,0.0,2126.0
2025-09-14,4604.49,278244.3205,0.0,0.0,2126.0
2025-09-15,4523.74,412291.9687,0.0,0.0,2153.0
2025-09-16,4501.29,293307.1099,0.0,0.0,2154.0
2025-09-17,4590.53,476981.4561,0.0,0.0,2180.0
2025-09-18,4587.66,290660.377,0.0,0.0,2205.0
2025-09-19,4468.59,331611.1482,0.0,0.0,2203.0
2025-09-20,4480.42,130781.913,0.0,0.0,2203.0
2025-09-21,4444.97,149349.8262,0.0,0.0,2203.0
2025-09-22,4199.08,708243.2348,0.0,0.0,2172.0
2025-09-23,4164.26,315227.9057,0.0,0.0,2200.0
2025-09-24,4152.81,353665.5671,0.0,0.0,2240.0
2025-09-25,3874.36,930327.6951,0.0,0.0,2266.0
2025-09-26,4032.24,575711.0859,0.0,0.0,2259.0
2025-09-27,4018.38,172693.2638,0.0,0.0,2259.0
2025-09-28,4142.16,240331.8589,0.0,0.0,2259.0
2025-09-29,4215.07,380728.6784,0.0,0.0,2220.0
2025-09-30,4145.15,391126.6172,0.0,0.0,2134.0
2025-10-01,4348.03,507026.3822,0.0,0.0,1980.0
2025-10-02,4484.35,526411.1571,0.0,0.0,1909.0
2025-10-03,4512.87,485684.0267,0.0,0.0,1901.0
2025-10-04,4487.15,199732.7088,0.0,0.0,1901.0
2025-10-05,4514.32,506587.9614,0.0,0.0,1901.0
2025-10-06,4684.01,456200.6528,0.0,0.0,1932.0
2025-10-07,4447.7,640685.9319,0.0,0.0,1947.0
2025-10-08,4525.72,399904.3287,0.0,0.0,1963.0
2025-10-09,4368.09,515978.1829,0.0,0.0,1923.0
2025-10-10,3829.72,1493971.0244,0.0,0.0,1936.0
2025-10-11,3746.79,789885.6582,0.0,0.0,1936.0
2025-10-12,4152.29,811308.152,0.0,0.0,1936.0
2025-10-13,4240.85,622813.9247,0.0,0.0,2144.0
2025-10-14,4125.02,962996.7658,0.0,0.0,2022.0
2025-10-15,3985.61,626081.6966,0.0,0.0,1997.0
2025-10-16,3894.51,643804.6163,0.0,0.0,2046.0
2025-10-17,3831.57,830127.0885,0.0,0.0,2069.0
2025-10-18,3889.21,250710.6121,0.0,0.0,2069.0
2025-10-19,3982.58,408538.2545,0.0,0.0,2069.0
2025-10-20,3979.22,511382.3301,0.0,0.0,2071.0
2025-10-21,3873.05,590594.1382,0.0,0.0,2094.0
2025-10-22,3805.53,593130.0905,0.0,0.0,2094.0
2025-10-23,3856.8,477231.0181,0.0,0.0,2057.0
2025-10-24,3934.88,425926.9383,0.0,0.0,1991.0
2025-10-25,3953.82,138526.3338,0.0,0.0,1991.0
2025-10-26,4158.46,344698.0918,0.0,0.0,1991.0
2025-10-27,4120.15,487131.2291,0.0,0.0,1976.0
2025-10-28,3979.2,472965.8377,0.0,0.0,1950.0
2025-10-29,3902.99,486452.3127,0.0,0.0,1961.0
2025-10-30,3805.09,531455.9923,0.0,0.0,1983.0
2025-10-31,3847.99,478636.2995,0.0,0.0,1966.0
2025-11-01,3873.77,152998.1626,0.0,0.0,1966.0
2025-11-02,3906.58,216083.1542,0.0,0.0,1966.0
2025-11-03,3603.83,877187.3852,0.0,0.0,1945.0
2025-11-04,3287.05,1568004.2379,0.0,0.0,1958.0
2025-11-05,3424.29,809591.5132,0.0,0.0,2003.0
2025-11-06,3315.14,566363.7003,0.0,0.0,2063.0
2025-11-07,3436.05,683417.3854,0.0,0.0,2104.0
2025-11-08,3401.51,291532.2881,0.0,0.0,2104.0
2025-11-09,3583.46,464098.052,0.0,0.0,2104.0
2025-11-10,3567.85,595273.0298,0.0,0.0,2084.0
2025-11-11,3417.76,660283.2747,0.0,0.0,2072.0
2025-11-12,3414.92,553101.9368,0.0,0.0,2030.0
2025-11-13,3231.54,951989.1347,0.0,0.0,2077.0
2025-11-14,3112.4,890446.1491,0.0,0.0,2125.0
2025-11-15,3167.88,338463.4782,0.0,0.0,2125.0
2025-11-16,3095.29,570633.5809,0.0,0.0,2125.0
2025-11-17,3031.44,762500.4289,0.0,0.0,2153.0
2025-11-18,3123.66,766640.1058,0.0,0.0,2216.0
2025-11-19,3025.48,737926.7146,0.0,0.0,2260.0
2025-11-20,2834.22,912524.3718,0.0,0.0,2270.0
2025-11-21,2765.85,1180475.4085,0.0,0.0,2275.0
2025-11-22,2770.12,264691.3089,0.0,0.0,2275.0
2025-11-23,2802.16,409808.5734,0.0,0.0,2275.0
2025-11-24,2953.38,715279.7551,0.0,0.0,2295.0
2025-11-25,2959.36,427686.4528,0.0,0.0,2309.0
2025-11-26,3026.56,364535.326,0.0,0.0,2401.0
2025-11-27,3015.23,274980.3955,0.0,0.0,2480.0
2025-11-28,3031.15,346616.0275,0.0,0.0,2560.0
2025-11-29,2989.16,217904.1303,0.0,0.0,2560.0
2025-11-30,2991.26,182722.4253,0.0,0.0,2560.0
2025-12-01,2799.07,849002.9909,0.0,0.0,2583.0
2025-12-02,2996.07,523707.3586,0.0,0.0,2600.0
2025-12-03,3188.36,553669.8146,0.0,0.0,2845.0
2025-12-04,3133.26,486698.3987,0.0,0.0,2814.0
2025-12-05,3021.78,530382.8986,0.0,0.0,2727.0
2025-12-06,3038.06,159721.2488,0.0,0.0,2727.0
2025-12-07,3059.85,391129.675,0.0,0.0,2727.0
2025-12-08,3124.16,452820.2207,0.0,0.0,2694.0
2025-12-09,3318.04,603859.9458,0.0,0.0,2557.0
2025-12-10,3324.14,539585.4535,0.0,0.0,2430.0
2025-12-11,3237.39,504114.2391,0.0,0.0,2294.0
2025-12-12,3084.86,435686.4435,0.0,0.0,2205.0
2025-12-13,3114.64,136465.7567,0.0,0.0,2205.0
2025-12-14,3063.5,279058.3545,0.0,0.0,2205.0
2025-12-15,2964.85,520509.9555,0.0,0.0,2193.0
2025-12-16,2962.3,378293.1159,0.0,0.0,2204.0
2025-12-17,2833.49,497630.4162,0.0,0.0,2121.0
2025-12-18,2828.57,595253.7997,0.0,0.0,2071.0
2025-12-19,2979.5,531702.5439,0.0,0.0,2023.0
2025-12-20,2977.93,91783.7734,0.0,0.0,2023.0
2025-12-21,3002.02,162244.8067,0.0,0.0,2023.0
2025-12-22,3009.49,298443.5633,0.0,0.0,1979.0
2025-12-23,2965.02,386465.747,0.0,0.0,1889.0
2025-12-24,2947.47,197035.5598,0.0,0.0,1877.0
2025-12-25,2903.95,188721.2981,0.0,0.0,1877.0
2025-12-26,2927.99,314830.9989,0.0,0.0,1877.0
2025-12-27,2949.05,95040.3956,0.0,0.0,1877.0
2025-12-28,2950.91,128834.139,0.0,0.0,1877.0
2025-12-29,2937.9,485959.1824,0.0,0.0,1877.0
2025-12-30,2973.69,286583.2879,0.0,0.0,1877.0
2025-12-31,2971.64,233729.5887,0.0,0.0,1877.0
